"0","15","1443","1985-04-08 00:51:50"
"1","52","532","2012-10-09 13:11:55"
"2","59","1874","1986-11-11 01:50:41"
"3","35","1963","1985-12-06 17:21:07"
"4","29","206","1970-05-04 19:17:40"
"5","51","1030","1994-01-05 02:29:51"
"6","98","1537","2013-02-14 19:57:08"
"7","11","84","1989-05-09 12:17:58"
"8","4","1038","2002-11-14 17:00:15"
"9","50","551","2005-01-02 09:18:32"
"10","58","1012","1976-11-29 09:58:52"
"11","7","1186","2004-09-21 20:07:58"
"12","81","205","1984-08-25 07:49:23"
"13","18","78","1975-09-06 00:02:37"
"14","58","1781","1997-03-11 03:05:18"
"15","37","1116","1986-01-20 02:55:14"
"16","89","1226","2002-07-27 10:36:52"
"17","66","491","2018-08-06 20:29:43"
"18","4","1372","2004-09-02 05:19:45"
"19","66","1117","2018-10-15 14:42:59"
"20","67","1879","2020-10-23 17:30:18"
"21","21","1015","2001-10-20 23:30:53"
"22","13","0","1978-03-16 18:48:46"
"23","67","999","1991-12-30 01:25:28"
"24","4","453","2012-07-13 20:12:45"
"25","19","839","2008-09-27 04:43:10"
"26","42","339","2003-05-12 01:54:41"
"27","71","1097","2014-04-05 02:20:13"
"28","88","535","2021-02-10 21:43:37"
"29","38","1321","2009-10-02 15:05:53"
"30","9","63","2013-12-17 12:56:02"
"31","24","1835","1987-05-04 12:28:12"
"32","21","790","1976-11-07 08:08:57"
"33","85","869","2007-12-10 15:46:01"
"34","84","383","1977-05-19 02:17:56"
"35","28","525","2004-02-04 20:36:39"
"36","12","1712","2017-05-07 07:41:45"
"37","61","1846","2000-10-15 05:46:46"
"38","17","1874","1998-03-21 06:24:09"
"39","55","37","2006-12-06 23:14:39"
"40","55","598","1999-04-14 04:30:15"
"41","94","1125","2000-04-19 23:28:23"
"42","99","115","2006-01-13 20:56:23"
"43","22","161","1994-08-23 04:12:51"
"44","97","838","2010-04-17 19:08:30"
"45","5","7","1993-12-25 02:04:15"
"46","77","289","1976-12-21 03:10:42"
"47","19","767","1991-08-19 13:28:25"
"48","80","1040","2010-11-12 04:47:47"
"49","60","135","1998-06-08 04:29:56"
"50","73","1625","2006-10-13 01:19:54"
"51","93","498","1972-05-04 22:51:20"
"52","48","771","2014-01-18 08:56:32"
"53","54","739","2002-12-20 07:21:33"
"54","36","435","2007-11-28 22:23:52"
"55","76","1899","2016-06-26 20:38:35"
"56","49","1660","1993-03-19 15:01:52"
"57","67","323","2017-10-27 08:02:41"
"58","16","1899","1982-11-03 22:03:01"
"59","34","255","1991-06-01 20:03:14"
"60","61","2","1980-06-26 20:11:49"
"61","33","1259","1985-11-26 10:20:12"
"62","32","995","2010-11-03 13:08:03"
"63","33","305","2005-10-21 02:44:15"
"64","52","194","2018-06-06 20:35:08"
"65","92","1863","1991-06-22 03:32:42"
"66","12","1909","1993-09-24 03:42:26"
"67","64","1495","2009-09-30 14:01:46"
"68","58","110","2005-03-26 22:32:41"
"69","24","1208","2015-12-10 08:36:20"
"70","23","736","2005-07-27 09:00:00"
"71","91","1754","2021-05-27 12:21:08"
"72","85","569","2006-12-28 09:36:43"
"73","41","1712","1999-01-20 01:30:56"
"74","34","1506","2016-09-24 18:14:51"
"75","84","502","2001-09-21 16:26:06"
"76","12","720","1981-06-21 16:27:29"
"77","45","134","2020-12-11 21:36:46"
"78","99","979","2016-12-24 11:43:04"
"79","52","212","2006-07-26 23:58:03"
"80","49","52","1995-08-26 13:22:51"
"81","42","1119","1983-12-16 07:23:54"
"82","3","476","1980-01-26 05:01:23"
"83","13","984","1983-03-23 11:26:55"
"84","64","709","1970-12-22 22:13:59"
"85","54","7","1995-11-26 09:29:51"
"86","77","523","1975-10-10 08:42:49"
"87","3","1701","2022-01-17 00:20:55"
"88","98","847","2019-02-21 09:11:00"
"89","30","1372","2005-05-05 21:58:48"
"90","19","1382","1990-11-18 20:18:17"
"91","23","1643","2001-01-25 01:25:16"
"92","11","1678","1972-10-21 21:14:55"
"93","80","854","1998-02-06 22:38:49"
"94","75","1392","1979-05-27 15:39:34"
"95","67","250","2004-12-27 15:02:35"
"96","44","1853","2014-05-12 23:41:03"
"97","38","1311","2014-01-01 18:07:29"
"98","13","424","1991-07-13 00:22:08"
"99","72","174","1986-10-06 22:19:37"
"100","76","1915","2012-05-05 15:15:38"
"101","43","557","2021-08-28 10:55:22"
"102","95","20","1975-09-07 20:54:50"
"103","16","15","1974-07-19 01:43:43"
"104","78","446","2002-06-03 14:02:19"
"105","3","273","2011-01-10 14:33:15"
"106","85","1303","1994-01-07 07:01:28"
"107","23","1587","1995-01-15 17:00:29"
"108","12","348","1990-05-13 16:38:57"
"109","17","1793","1990-01-26 15:52:37"
"110","9","1734","1981-06-27 20:25:21"
"111","65","214","1974-05-31 23:01:35"
"112","58","983","1986-03-23 12:21:43"
"113","19","261","2001-08-01 18:39:02"
"114","62","1905","2021-05-29 16:19:16"
"115","48","1581","1971-12-09 03:16:42"
"116","26","477","1972-09-26 23:51:23"
"117","71","451","2020-04-13 02:57:14"
"118","19","1571","2008-03-31 02:35:18"
"119","50","1982","2018-12-31 07:57:08"
"120","14","1863","2020-04-07 07:45:56"
"121","43","751","1984-09-29 20:46:36"
"122","96","1523","2017-03-26 02:34:55"
"123","37","1807","2013-02-12 03:46:07"
"124","68","1040","2012-04-27 15:44:23"
"125","79","1007","1978-04-17 20:20:57"
"126","19","1412","2009-05-24 04:47:23"
"127","41","1665","1973-06-14 08:04:46"
"128","71","20","1982-10-30 17:10:16"
"129","42","851","1990-07-21 07:29:21"
"130","82","486","1980-11-30 05:01:44"
"131","41","1264","1972-04-18 02:07:08"
"132","2","437","1983-06-25 14:48:00"
"133","4","1786","2008-10-22 10:41:21"
"134","31","1217","2013-12-04 22:58:00"
"135","91","1195","2020-09-06 03:52:41"
"136","38","493","1992-12-03 10:52:35"
"137","89","401","1975-04-24 13:03:21"
"138","69","526","2009-07-12 19:31:15"
"139","38","1851","1983-01-29 04:16:52"
"140","74","447","2011-08-27 18:38:34"
"141","66","315","1999-03-13 11:28:41"
"142","6","586","1980-09-04 02:53:41"
"143","31","1770","2010-12-14 22:59:31"
"144","87","1482","1992-04-29 12:56:52"
"145","24","1013","2014-11-05 23:47:17"
"146","85","1588","1995-01-01 09:50:54"
"147","23","760","1993-06-28 14:53:10"
"148","79","1523","1989-04-06 07:08:01"
"149","7","1215","1977-08-06 22:10:45"
"150","63","1420","1987-11-17 00:20:47"
"151","37","330","2013-05-25 04:49:18"
"152","34","504","2018-07-21 05:48:41"
"153","71","1754","2014-10-12 07:24:58"
"154","20","1125","1974-06-26 12:59:32"
"155","28","1619","2003-10-13 07:37:44"
"156","33","1752","2008-10-09 01:14:49"
"157","59","56","2006-11-21 23:52:56"
"158","5","1206","1998-02-28 14:13:15"
"159","90","1517","2005-09-02 03:05:49"
"160","6","908","2000-03-25 06:28:11"
"161","0","254","1981-10-05 22:04:11"
"162","16","1730","1975-01-06 02:39:14"
"163","3","247","1970-03-29 01:01:19"
"164","72","1495","2017-12-03 15:22:58"
"165","36","499","1993-01-07 10:55:39"
"166","12","48","2009-12-03 15:28:02"
"167","53","67","2011-04-16 01:35:11"
"168","59","1735","2018-10-08 12:46:23"
"169","55","1868","2016-07-28 18:04:55"
"170","27","426","2009-10-22 03:55:32"
"171","3","1899","2017-04-06 17:28:47"
"172","48","1250","1987-02-16 10:27:13"
"173","45","1766","1987-07-04 04:36:33"
"174","72","1192","1972-12-19 12:10:22"
"175","27","1973","1976-02-16 17:37:40"
"176","46","477","2013-02-11 23:32:04"
"177","77","1803","2007-10-30 13:50:15"
"178","2","1334","2014-04-22 07:46:05"
"179","78","390","1993-10-17 19:09:39"
"180","4","263","1980-12-07 06:48:02"
"181","36","1601","2016-10-11 17:04:52"
"182","14","1474","1981-04-21 23:46:14"
"183","22","524","1980-06-30 07:09:45"
"184","76","1235","2013-07-22 23:59:44"
"185","67","208","1972-11-02 06:05:18"
"186","29","879","1995-05-06 20:17:23"
"187","83","525","2001-11-21 19:09:58"
"188","2","1699","1974-12-12 04:15:27"
"189","15","1570","1998-08-08 02:07:29"
"190","23","599","1986-07-14 23:35:54"
"191","92","1091","1979-12-16 14:06:51"
"192","19","957","1981-10-04 18:08:50"
"193","67","1928","2015-03-13 11:47:22"
"194","32","917","1984-06-21 02:28:09"
"195","15","560","2003-05-23 16:49:16"
"196","46","1333","1975-04-25 05:22:28"
"197","11","1401","2021-06-13 08:17:47"
"198","5","540","2021-08-26 19:08:22"
"199","1","298","2006-11-07 07:01:22"
"200","74","1497","2001-04-05 22:09:28"
"201","57","569","2009-02-04 16:05:06"
"202","15","978","2009-07-02 00:02:05"
"203","10","1642","2007-02-08 05:19:52"
"204","73","1842","1990-02-19 23:55:59"
"205","55","199","2006-08-18 23:21:23"
"206","56","161","1991-12-25 01:35:29"
"207","0","1501","1983-11-12 03:03:10"
"208","83","1315","1978-05-26 00:29:49"
"209","16","409","2006-12-27 22:32:08"
"210","32","565","1970-11-02 07:20:57"
"211","57","237","2018-02-22 11:17:37"
"212","92","575","1976-08-26 00:12:46"
"213","45","1947","1981-05-21 06:02:45"
"214","25","341","1999-04-10 01:20:52"
"215","68","710","1984-08-19 13:57:31"
"216","12","984","1972-06-13 11:19:08"
"217","77","1065","2008-02-23 01:43:18"
"218","27","1745","1984-04-25 03:05:21"
"219","68","619","1989-06-03 21:49:19"
"220","2","282","2011-10-05 18:13:12"
"221","59","1628","1996-01-30 23:30:44"
"222","19","1333","1970-11-18 13:06:51"
"223","77","281","2014-10-11 17:48:30"
"224","15","728","1983-05-02 09:58:36"
"225","76","598","2015-06-03 16:32:13"
"226","34","20","1978-12-03 11:13:53"
"227","56","677","1985-02-28 17:21:30"
"228","99","319","1999-06-30 05:42:46"
"229","96","1491","1988-05-26 03:07:47"
"230","53","984","1973-12-31 05:54:03"
"231","73","1228","2011-11-15 13:45:15"
"232","20","715","2000-04-13 18:41:39"
"233","79","42","1991-10-28 08:43:22"
"234","98","855","1989-04-19 08:02:27"
"235","27","480","2001-09-21 18:20:01"
"236","54","708","2013-09-08 16:05:40"
"237","78","598","2003-12-27 02:39:45"
"238","84","711","2008-08-23 10:08:56"
"239","11","1209","1996-05-10 08:13:45"
"240","51","1552","1992-07-19 16:44:33"
"241","86","605","1993-06-06 18:40:14"
"242","37","1105","2002-10-13 02:14:24"
"243","49","889","1997-01-09 18:17:30"
"244","60","1336","1991-11-12 19:05:55"
"245","84","694","2019-08-08 12:58:14"
"246","36","1301","2016-07-10 04:25:25"
"247","20","962","1991-05-17 09:41:26"
"248","61","505","1990-07-19 21:27:49"
"249","67","410","1981-12-08 09:14:45"
"250","33","1689","1982-03-27 22:16:01"
"251","18","88","2012-11-15 12:34:48"
"252","83","272","2010-02-26 08:32:14"
"253","4","1352","2016-07-19 11:41:55"
"254","79","1661","1971-05-02 17:50:46"
"255","61","1999","2021-05-31 12:43:36"
"256","47","315","2000-05-22 21:25:22"
"257","77","1828","1983-04-19 19:20:15"
"258","80","44","2000-05-26 20:43:42"
"259","98","540","1981-07-28 20:42:13"
"260","69","1289","1995-12-24 21:53:07"
"261","85","572","1971-07-17 22:01:42"
"262","57","1484","2020-09-14 18:30:56"
"263","66","270","2012-08-13 13:36:49"
"264","81","1962","1986-07-06 02:50:10"
"265","1","837","2015-02-03 06:12:53"
"266","79","773","1990-09-29 20:35:13"
"267","58","1096","1996-11-29 12:40:08"
"268","49","458","1987-04-27 12:03:27"
"269","18","1922","2004-02-27 19:29:34"
"270","59","1986","1990-04-30 12:16:02"
"271","7","238","1986-06-11 19:17:12"
"272","31","226","2008-01-06 03:09:23"
"273","43","1599","1986-05-06 09:40:58"
"274","99","498","1997-08-10 16:36:51"
"275","41","1412","1996-04-11 04:28:24"
"276","15","720","2021-06-09 04:04:20"
"277","42","862","1994-02-13 02:35:14"
"278","34","166","1980-12-28 15:30:07"
"279","95","299","2015-12-23 11:44:51"
"280","67","435","1980-12-01 09:04:52"
"281","63","143","2013-09-02 09:02:01"
"282","84","689","2016-11-11 19:53:45"
"283","93","1174","2001-03-02 05:51:19"
"284","98","233","1970-06-23 20:54:12"
"285","13","1710","2002-08-25 14:52:33"
"286","25","1223","1990-04-20 12:44:14"
"287","46","489","1979-03-14 10:39:41"
"288","96","613","1991-07-20 01:58:21"
"289","37","1748","2019-12-05 17:53:09"
"290","24","771","1982-06-20 12:17:28"
"291","79","1866","1978-07-02 04:36:01"
"292","69","1493","1991-06-15 13:03:23"
"293","28","1934","1979-12-25 07:34:47"
"294","90","206","1988-08-20 22:33:26"
"295","82","1570","2004-01-06 03:30:21"
"296","14","1754","2016-05-13 12:55:52"
"297","19","1536","1970-09-06 02:05:16"
"298","53","1878","2001-06-28 18:02:35"
"299","15","1315","1999-06-22 12:46:14"
"300","2","1487","1975-11-16 10:04:55"
"301","60","1326","1975-12-06 07:53:42"
"302","18","65","2001-05-20 18:47:50"
"303","35","1071","1994-02-22 05:26:30"
"304","44","708","2013-01-20 20:21:09"
"305","0","65","1973-03-16 11:38:34"
"306","68","1210","2011-01-19 12:12:33"
"307","75","475","1975-06-11 14:01:50"
"308","65","1387","2001-09-26 06:32:18"
"309","74","1898","1999-12-04 03:19:45"
"310","74","1904","2001-02-16 17:20:14"
"311","33","278","2013-08-09 08:26:04"
"312","96","97","1996-06-07 17:17:50"
"313","73","1303","1992-06-01 05:46:02"
"314","11","1190","2019-10-16 04:16:27"
"315","67","125","1972-11-10 13:37:51"
"316","71","458","2009-09-14 22:19:51"
"317","63","433","2009-10-09 13:10:03"
"318","97","88","1984-12-04 14:14:30"
"319","79","4","1981-03-30 12:44:55"
"320","25","800","2005-03-10 12:23:02"
"321","25","825","1975-04-05 04:17:24"
"322","85","1405","1989-07-15 23:22:42"
"323","67","16","1971-09-26 23:13:56"
"324","16","1799","1977-03-19 12:07:17"
"325","2","1026","1984-02-05 15:37:59"
"326","91","176","1972-12-08 04:09:46"
"327","72","82","2006-09-09 12:37:20"
"328","44","1322","1992-10-15 17:41:29"
"329","54","853","1995-03-07 00:55:43"
"330","93","999","1976-11-14 09:35:24"
"331","66","1223","2013-02-16 15:48:49"
"332","88","852","1984-12-20 12:21:11"
"333","52","1228","2018-10-10 19:05:23"
"334","74","1505","1991-09-12 07:04:31"
"335","64","1658","1977-02-20 23:05:18"
"336","73","1384","2002-09-06 10:57:16"
"337","34","60","1990-02-06 09:17:12"
"338","8","431","1985-03-14 08:31:49"
"339","26","1691","2003-02-03 13:06:00"
"340","80","16","1971-03-22 21:39:12"
"341","80","1092","1972-07-01 19:26:21"
"342","21","479","1973-09-11 11:28:10"
"343","56","969","1980-03-22 02:25:31"
"344","16","606","2002-02-17 13:48:24"
"345","84","1511","1990-12-04 00:50:20"
"346","74","1018","1975-02-15 14:19:15"
"347","93","671","1989-12-04 19:31:02"
"348","87","1240","2008-11-24 12:59:19"
"349","61","374","2017-12-05 03:50:28"
"350","68","1027","2009-10-27 22:38:57"
"351","89","992","1986-07-12 14:44:14"
"352","98","1420","2014-01-03 07:19:35"
"353","29","1253","1974-07-27 21:15:46"
"354","41","1648","1984-04-26 03:58:31"
"355","85","1729","1974-11-07 18:15:49"
"356","69","706","1977-09-19 18:05:19"
"357","29","877","2017-10-06 07:14:03"
"358","31","1613","2021-12-21 16:29:41"
"359","95","1777","1992-12-29 15:31:06"
"360","83","1435","1992-03-23 11:35:52"
"361","58","1089","1994-03-03 15:48:24"
"362","39","308","2004-11-28 11:28:20"
"363","90","1909","1977-08-11 11:58:00"
"364","36","1918","2000-10-13 14:14:20"
"365","11","78","2013-04-25 03:14:03"
"366","33","582","2010-09-04 18:15:31"
"367","13","320","1971-02-07 21:24:07"
"368","91","1599","2005-05-31 04:08:57"
"369","59","565","2016-06-07 17:14:26"
"370","24","1313","1976-08-25 11:02:22"
"371","97","1982","2013-11-21 15:14:33"
"372","96","850","1992-06-17 23:59:15"
"373","6","1593","2015-12-18 18:18:24"
"374","98","1598","1978-02-11 21:25:19"
"375","65","351","1984-01-02 05:17:10"
"376","59","671","2020-08-21 01:54:15"
"377","95","773","2010-06-28 03:52:45"
"378","87","791","2016-11-01 19:01:55"
"379","44","680","1975-04-07 19:19:27"
"380","35","980","2013-06-12 07:05:33"
"381","59","988","1975-11-10 10:00:27"
"382","4","826","1994-03-24 21:58:07"
"383","8","1279","1984-01-24 00:01:36"
"384","70","1279","2008-10-23 06:50:29"
"385","0","159","1975-11-22 22:54:03"
"386","18","1491","1979-08-11 19:53:58"
"387","40","1908","1986-01-08 16:45:44"
"388","5","453","1992-10-16 11:40:19"
"389","15","1841","1993-11-22 02:24:51"
"390","44","671","1988-02-01 21:19:09"
"391","30","969","1973-09-05 02:46:27"
"392","89","1512","2015-12-24 16:10:12"
"393","24","711","2001-11-07 12:38:23"
"394","94","424","1999-02-21 23:58:15"
"395","70","964","2000-06-22 02:17:11"
"396","41","1209","2001-03-15 13:09:00"
"397","8","845","1979-06-19 14:44:46"
"398","38","1045","1997-03-04 09:01:26"
"399","1","838","2021-03-05 15:52:03"
"400","98","869","2019-11-16 13:53:19"
"401","94","1566","2003-10-30 19:35:12"
"402","32","1505","2014-12-12 13:31:16"
"403","65","957","1980-05-02 05:15:03"
"404","35","1433","1982-10-05 00:58:29"
"405","59","219","2007-09-24 00:42:38"
"406","15","1676","2018-01-02 08:10:35"
"407","95","1573","1976-03-29 16:31:51"
"408","11","1250","1971-10-18 20:20:26"
"409","93","571","2001-02-10 13:29:56"
"410","56","197","2016-02-24 10:35:03"
"411","56","1933","1990-09-06 21:53:46"
"412","73","1031","1990-11-17 10:27:35"
"413","92","273","1975-10-29 12:01:24"
"414","78","443","1990-10-30 11:31:16"
"415","48","123","1998-07-04 21:04:21"
"416","77","191","2011-11-21 18:36:36"
"417","46","1592","1998-09-23 10:37:32"
"418","80","653","2002-02-05 00:34:36"
"419","76","1336","1975-11-30 20:34:00"
"420","89","1793","1975-02-22 07:09:03"
"421","33","1756","1992-08-09 06:44:14"
"422","31","680","2012-08-07 02:07:17"
"423","70","802","2013-01-08 12:28:23"
"424","93","1884","2001-08-27 07:07:03"
"425","62","966","1976-12-28 21:21:17"
"426","50","405","2009-04-26 23:19:56"
"427","46","632","1977-12-31 14:55:21"
"428","80","423","1997-12-23 12:42:27"
"429","30","1306","1970-11-07 14:43:41"
"430","51","576","1984-07-18 07:44:33"
"431","45","143","1993-07-31 13:25:40"
"432","22","904","1978-11-19 15:54:58"
"433","40","1815","1974-01-08 18:29:27"
"434","67","1916","1975-05-17 18:50:43"
"435","49","873","1984-10-05 17:45:19"
"436","11","1161","2020-03-09 15:49:16"
"437","64","573","2008-07-22 21:57:29"
"438","95","195","2008-10-17 06:20:39"
"439","71","580","1991-08-02 10:54:16"
"440","22","1738","2010-06-10 10:44:24"
"441","55","198","2015-07-14 14:59:42"
"442","28","278","2009-05-14 10:29:10"
"443","57","1401","1972-04-30 04:31:55"
"444","91","374","2014-05-10 16:35:26"
"445","77","1669","2004-12-18 04:55:40"
"446","7","1457","1971-02-18 16:20:09"
"447","80","1245","2010-06-19 11:20:48"
"448","67","1589","1971-01-20 15:50:31"
"449","82","816","1970-01-16 20:21:04"
"450","18","1778","2007-03-26 10:58:20"
"451","85","1989","1978-08-19 13:00:57"
"452","1","931","1984-09-26 14:58:12"
"453","5","1576","2019-05-30 06:18:12"
"454","7","532","2008-03-28 11:53:46"
"455","52","1858","1982-05-10 23:39:38"
"456","29","835","1972-11-05 02:32:59"
"457","65","551","2007-01-02 15:02:55"
"458","96","1962","2006-08-20 16:23:19"
"459","89","1966","1986-11-19 04:29:42"
"460","23","1752","1975-01-07 12:16:54"
"461","42","1494","2008-03-30 20:04:30"
"462","27","1046","1985-08-24 11:48:10"
"463","65","308","2015-09-20 01:00:13"
"464","16","60","2006-01-24 04:49:45"
"465","53","532","1983-06-04 16:07:15"
"466","13","386","1973-01-29 00:10:26"
"467","47","895","1982-02-13 05:27:56"
"468","45","1142","1979-12-16 05:21:55"
"469","8","477","1993-09-13 02:05:58"
"470","0","960","1979-05-08 18:44:16"
"471","68","174","2002-03-17 20:17:59"
"472","73","1964","1987-12-30 10:59:36"
"473","30","1512","2009-09-10 01:46:43"
"474","82","373","1975-07-21 21:53:36"
"475","27","1486","1972-02-12 08:42:53"
"476","23","1199","1986-03-21 04:41:44"
"477","92","60","1973-04-07 02:28:32"
"478","12","1868","1988-01-13 09:31:51"
"479","2","1880","1980-11-11 22:47:56"
"480","92","1752","1975-08-13 17:59:59"
"481","85","1072","2012-11-22 10:26:11"
"482","1","497","1992-08-09 23:58:09"
"483","28","938","1993-11-29 09:53:44"
"484","12","89","1982-01-24 12:38:21"
"485","23","1517","1997-09-13 00:44:18"
"486","82","1756","1984-06-06 02:30:32"
"487","95","557","2016-12-23 10:40:56"
"488","43","1785","1993-09-04 02:52:31"
"489","20","1154","1987-12-18 22:20:20"
"490","45","1649","1990-08-11 17:16:27"
"491","47","418","2008-10-04 19:35:15"
"492","34","997","2000-05-02 16:59:40"
"493","17","1116","2014-03-18 04:02:21"
"494","71","639","1989-12-16 14:04:00"
"495","17","1520","1989-01-30 15:49:16"
"496","28","1607","2010-05-17 04:52:56"
"497","73","1145","2020-10-29 09:55:20"
"498","51","1557","1991-12-04 00:09:19"
"499","40","709","2011-09-18 04:41:54"
"500","5","998","2011-12-17 04:34:39"
"501","78","124","1990-03-15 22:30:59"
"502","26","185","1981-10-08 10:46:06"
"503","77","1141","1989-01-15 10:28:03"
"504","81","956","2011-08-05 15:36:48"
"505","74","1479","2001-01-10 07:00:01"
"506","25","969","1989-02-05 18:22:36"
"507","9","1732","1986-01-18 10:50:13"
"508","1","498","1979-03-26 06:39:22"
"509","31","1279","1982-12-08 15:48:19"
"510","57","1395","1983-10-03 17:23:25"
"511","83","960","2022-07-06 09:14:54"
"512","58","993","2019-04-05 06:46:03"
"513","11","730","2006-02-16 07:08:23"
"514","34","324","1991-04-29 08:44:55"
"515","25","889","1989-04-03 07:11:48"
"516","99","301","1971-04-30 20:50:53"
"517","51","1886","2022-07-07 05:35:17"
"518","8","278","2021-09-06 08:11:25"
"519","83","123","1981-07-10 05:59:01"
"520","2","397","2020-11-22 23:41:44"
"521","70","1569","2006-06-04 21:46:26"
"522","68","1301","1974-12-22 10:44:41"
"523","34","802","1997-09-24 19:43:27"
"524","71","1952","2009-12-20 07:58:16"
"525","61","1421","1990-10-17 08:55:56"
"526","36","559","1998-01-13 06:37:48"
"527","96","1240","2008-05-12 11:20:43"
"528","68","1543","1985-03-11 07:39:07"
"529","84","1290","1993-08-01 00:43:38"
"530","57","284","1998-09-16 07:54:02"
"531","52","191","1990-01-26 10:57:14"
"532","3","883","1998-04-01 18:55:20"
"533","11","1506","1970-06-23 05:02:08"
"534","74","1943","1981-08-31 19:44:56"
"535","90","1145","1971-09-18 19:51:28"
"536","93","753","1993-10-17 05:08:36"
"537","44","1071","2018-05-24 07:29:00"
"538","97","1898","1994-10-19 00:59:15"
"539","18","1011","1979-05-09 00:43:58"
"540","49","647","2004-09-13 17:38:54"
"541","96","1204","2020-01-05 14:51:53"
"542","67","444","2004-07-27 14:58:27"
"543","22","195","1972-02-15 02:28:52"
"544","5","319","1993-08-29 17:29:32"
"545","96","568","1992-07-26 22:45:22"
"546","32","994","1996-09-09 11:40:44"
"547","7","1497","1980-04-30 12:09:12"
"548","41","935","1987-10-05 06:43:33"
"549","42","1934","2022-02-03 01:26:15"
"550","29","1457","2000-05-29 18:57:52"
"551","57","1552","1989-01-20 19:24:53"
"552","28","565","1980-05-21 17:33:26"
"553","50","1661","1972-11-07 04:12:08"
"554","95","983","2016-05-04 20:02:15"
"555","65","652","2018-10-29 10:29:38"
"556","65","842","2020-11-20 23:02:02"
"557","24","997","2006-05-07 03:46:28"
"558","35","1287","1982-12-09 16:01:02"
"559","95","855","1978-04-18 21:00:27"
"560","52","912","1977-06-19 00:43:46"
"561","76","1784","2008-10-31 16:48:30"
"562","93","901","2005-11-15 16:33:37"
"563","85","424","1981-02-24 12:21:57"
"564","30","44","1983-02-19 03:00:23"
"565","92","583","1983-04-04 21:16:33"
"566","72","393","2011-12-03 15:01:39"
"567","87","1793","1975-10-06 14:32:52"
"568","95","498","1990-01-19 15:51:51"
"569","4","1561","2002-02-07 17:55:24"
"570","31","1200","1981-02-03 20:30:57"
"571","46","749","1982-08-09 10:30:57"
"572","69","1126","1994-10-16 07:11:52"
"573","51","531","2013-06-29 00:10:02"
"574","13","661","1981-03-10 20:27:16"
"575","81","304","1975-06-28 00:33:00"
"576","62","190","2015-06-06 08:14:33"
"577","68","1097","2007-04-06 19:42:14"
"578","98","1024","1990-02-11 12:08:37"
"579","51","1846","2020-01-25 16:31:15"
"580","15","809","2002-10-12 19:08:02"
"581","60","141","1996-10-06 11:11:55"
"582","51","493","2014-03-26 17:11:49"
"583","91","1368","1988-10-02 03:11:39"
"584","33","868","1999-01-04 11:02:00"
"585","5","1100","2016-07-28 05:13:33"
"586","88","1900","1991-03-26 10:02:02"
"587","94","1909","1985-09-10 20:21:23"
"588","26","310","1977-06-27 20:25:45"
"589","25","1949","1998-03-28 00:17:13"
"590","21","1260","2016-03-09 17:11:55"
"591","2","1081","1998-09-26 18:58:06"
"592","44","805","1995-12-23 21:44:12"
"593","84","560","1976-11-12 01:04:13"
"594","34","1266","1972-02-16 13:49:40"
"595","7","864","2015-12-07 04:56:28"
"596","31","577","2005-07-03 23:47:18"
"597","34","840","1985-07-22 15:33:55"
"598","63","1457","2010-05-09 19:13:46"
"599","63","7","2010-05-24 01:42:10"
"600","51","1971","2011-08-19 01:13:29"
"601","19","133","1980-11-03 17:20:14"
"602","26","1681","1978-09-29 16:59:59"
"603","33","193","2016-09-24 06:38:54"
"604","6","458","1995-09-30 11:10:29"
"605","4","22","1981-11-07 06:55:53"
"606","45","427","2000-10-11 19:42:05"
"607","61","1854","2011-10-12 21:37:16"
"608","59","1880","1985-12-04 01:59:50"
"609","14","84","2021-08-27 16:43:29"
"610","6","751","2009-04-23 03:02:50"
"611","34","1973","1976-11-24 09:06:26"
"612","88","1288","1984-05-05 19:39:58"
"613","1","1493","2012-08-04 16:43:58"
"614","43","334","1978-01-20 09:13:39"
"615","81","1333","2014-05-03 19:17:12"
"616","76","1232","1982-04-19 10:52:32"
"617","74","1071","2005-08-28 23:13:54"
"618","8","316","2007-07-21 17:16:53"
"619","54","195","1994-05-01 07:47:12"
"620","90","1493","2001-01-09 15:27:39"
"621","36","1704","2003-03-28 06:49:31"
"622","88","677","1992-03-15 06:37:31"
"623","17","1771","2000-04-05 06:37:28"
"624","49","535","1982-06-29 14:03:39"
"625","75","136","2017-03-09 12:40:31"
"626","62","144","2011-04-06 12:21:46"
"627","98","410","1981-08-14 07:03:30"
"628","61","1916","1994-05-20 16:49:27"
"629","0","364","1970-04-13 13:31:10"
"630","23","1368","2007-01-15 23:30:29"
"631","49","253","1986-07-26 08:28:49"
"632","8","37","2010-04-30 23:04:40"
"633","8","1610","2015-09-01 01:31:11"
"634","10","1557","2012-07-28 12:17:24"
"635","71","1823","2006-05-05 17:02:48"
"636","65","1712","2012-09-09 06:09:50"
"637","26","981","2014-11-29 08:54:56"
"638","8","225","1980-09-25 04:55:38"
"639","28","819","2005-11-18 06:47:11"
"640","99","267","1999-01-21 10:34:48"
"641","7","545","1974-07-24 16:47:51"
"642","48","706","1985-07-30 02:29:35"
"643","21","1161","2005-05-29 22:41:55"
"644","22","73","1994-04-04 09:35:57"
"645","28","802","1991-10-27 13:17:38"
"646","61","1609","2007-05-06 21:58:58"
"647","47","1252","1988-06-14 22:30:19"
"648","34","267","2009-06-30 10:22:17"
"649","22","502","1979-05-18 17:06:39"
"650","36","695","1995-06-17 23:21:25"
"651","4","1139","1971-10-30 14:14:07"
"652","89","1990","1981-07-07 12:05:06"
"653","4","1544","1998-05-16 16:07:52"
"654","14","606","1986-05-26 04:53:07"
"655","89","1822","1992-01-28 20:46:25"
"656","94","527","1975-10-02 00:03:33"
"657","84","1245","2011-12-30 12:36:24"
"658","72","1201","2019-12-20 23:40:11"
"659","2","500","1991-10-10 05:32:04"
"660","11","1570","1989-11-18 12:14:59"
"661","41","860","1994-11-13 19:43:17"
"662","59","694","2004-10-30 18:29:40"
"663","26","1832","1985-07-21 10:33:30"
"664","7","1657","1997-07-15 21:30:11"
"665","6","1995","1988-07-11 17:26:59"
"666","53","285","1990-10-08 12:15:37"
"667","2","1040","1975-03-07 15:55:28"
"668","23","1306","2021-01-15 05:09:13"
"669","9","1657","1983-01-24 16:19:55"
"670","38","1493","1986-06-19 12:04:34"
"671","55","1410","2000-11-18 10:22:59"
"672","46","1833","2000-01-03 16:47:11"
"673","38","1270","2001-01-26 07:24:40"
"674","17","576","2016-07-03 03:12:19"
"675","61","386","2019-10-17 07:17:11"
"676","35","289","1977-02-04 14:09:18"
"677","70","1786","2006-08-30 15:06:57"
"678","56","1494","2015-05-20 15:53:04"
"679","41","1140","1986-12-14 06:59:09"
"680","27","1557","2010-02-04 18:13:29"
"681","10","762","2015-01-26 10:22:05"
"682","33","845","2009-08-06 09:37:31"
"683","37","1352","1997-07-23 15:12:38"
"684","78","791","1987-02-23 09:15:00"
"685","29","908","1986-07-31 02:19:31"
"686","99","1334","1997-05-31 13:10:13"
"687","19","523","1981-08-08 20:12:26"
"688","27","274","1971-06-06 04:01:12"
"689","3","1934","2018-04-26 17:46:33"
"690","64","623","2000-03-15 06:28:09"
"691","15","743","1999-08-24 20:52:06"
"692","45","1576","2011-08-30 06:33:29"
"693","5","855","1987-02-21 17:01:19"
"694","82","1284","1996-08-27 17:48:53"
"695","50","1770","1997-01-14 22:37:35"
"696","5","1775","1972-10-15 16:40:40"
"697","4","379","1983-04-12 15:17:56"
"698","36","1774","1979-12-03 18:52:00"
"699","16","956","2005-10-18 17:31:06"
"700","38","634","1992-09-03 19:49:26"
"701","49","357","1974-12-11 15:21:27"
"702","28","1970","1999-11-17 16:07:48"
"703","66","935","1973-11-30 08:22:14"
"704","76","314","2016-04-30 17:52:40"
"705","6","760","2014-06-10 23:39:27"
"706","87","1478","1981-02-06 12:21:37"
"707","78","1506","1982-04-11 20:08:16"
"708","0","982","2013-12-11 19:17:58"
"709","93","1209","1976-07-27 13:03:51"
"710","69","1251","2022-05-09 19:21:28"
"711","90","992","1986-02-22 23:39:27"
"712","85","428","2021-07-14 16:55:03"
"713","29","1932","1972-09-28 08:35:27"
"714","23","1828","2015-07-10 23:20:45"
"715","50","1858","1997-05-12 05:35:43"
"716","56","1686","2001-11-12 06:36:12"
"717","77","1567","1979-09-02 21:41:08"
"718","72","308","2018-08-15 15:02:24"
"719","76","596","1984-10-05 09:17:35"
"720","29","1610","1973-04-03 15:20:49"
"721","49","1625","1972-04-24 06:47:07"
"722","99","254","1971-10-04 00:31:55"
"723","5","410","2018-12-05 16:27:49"
"724","8","1358","1978-05-22 22:29:49"
"725","26","1125","2015-03-20 19:47:44"
"726","18","1123","2022-02-08 18:32:41"
"727","56","1832","1974-05-18 04:20:18"
"728","39","289","1997-07-07 17:07:22"
"729","36","731","1993-11-01 00:58:48"
"730","93","653","1976-12-10 16:49:20"
"731","36","1775","1990-06-23 05:38:45"
"732","88","1197","2018-10-20 01:57:40"
"733","76","672","2004-09-03 11:05:25"
"734","18","408","1999-04-10 10:04:46"
"735","96","1317","1978-11-26 12:19:04"
"736","19","1771","1997-05-26 15:04:00"
"737","34","2","2007-04-20 14:12:06"
"738","7","1012","2001-06-26 13:06:34"
"739","70","1852","2006-08-25 14:27:14"
"740","39","1998","1978-01-27 13:53:08"
"741","48","1467","1987-04-01 03:17:30"
"742","59","597","2004-09-25 16:00:18"
"743","48","890","2009-07-25 23:31:57"
"744","90","87","1975-07-04 23:40:25"
"745","77","1915","2016-12-03 00:23:32"
"746","20","56","1970-06-10 19:05:42"
"747","7","1170","1979-06-23 02:13:22"
"748","41","1821","2000-01-25 22:40:03"
"749","2","213","2001-08-11 20:45:12"
"750","9","1436","1977-03-26 14:58:41"
"751","71","1595","1971-12-07 23:05:03"
"752","5","1676","1971-12-22 07:15:41"
"753","28","1686","2001-10-27 07:06:46"
"754","78","1781","1994-11-13 00:30:58"
"755","99","1168","2004-10-29 21:54:47"
"756","50","1647","1980-10-13 05:05:35"
"757","22","428","2011-11-08 08:34:06"
"758","86","738","1981-03-16 22:16:00"
"759","60","1331","1988-12-27 05:03:34"
"760","59","773","1999-11-03 20:15:17"
"761","54","680","1992-07-02 07:13:06"
"762","20","541","2004-05-14 10:14:53"
"763","50","1950","2012-11-01 19:04:18"
"764","88","896","2010-10-26 23:53:47"
"765","58","1832","1987-06-02 18:45:18"
"766","42","1780","2008-03-29 17:07:15"
"767","28","802","1988-06-23 00:10:46"
"768","90","1200","1992-02-25 03:11:11"
"769","24","444","2000-06-02 20:17:43"
"770","34","612","2016-12-18 05:38:38"
"771","56","191","2016-02-01 23:13:44"
"772","50","1677","1997-04-21 06:40:48"
"773","28","1697","1989-01-06 00:01:48"
"774","52","1206","2013-02-17 09:24:21"
"775","79","420","1984-08-08 21:27:13"
"776","84","1201","1973-05-19 19:07:52"
"777","78","359","2015-02-20 04:59:00"
"778","10","1574","1999-09-07 22:16:27"
"779","9","446","2010-01-23 08:36:57"
"780","96","1596","2000-09-18 01:50:02"
"781","26","980","1970-07-22 12:32:04"
"782","43","1557","1973-04-17 19:41:53"
"783","94","403","2013-07-20 05:16:30"
"784","87","549","2010-04-01 11:37:55"
"785","50","1494","1993-02-06 05:27:09"
"786","23","1724","2002-08-09 10:14:05"
"787","25","555","1986-08-31 15:24:21"
"788","18","500","2017-11-05 06:28:09"
"789","54","339","1999-03-11 08:08:13"
"790","99","577","2015-09-08 10:20:36"
"791","12","1285","2020-12-10 20:48:39"
"792","88","1228","1995-09-14 03:00:42"
"793","12","1691","2007-04-14 11:49:43"
"794","37","1896","1994-10-28 20:18:29"
"795","50","1805","1971-10-19 10:51:35"
"796","86","1791","1992-06-17 15:26:31"
"797","78","990","1990-06-22 10:35:19"
"798","12","1966","2021-01-17 05:09:44"
"799","91","938","2006-01-17 05:44:36"
"800","49","637","1992-06-20 23:09:24"
"801","18","743","2020-03-18 05:19:11"
"802","19","839","1988-08-22 13:23:09"
"803","81","1775","1992-05-10 01:49:47"
"804","20","420","1977-03-05 22:21:54"
"805","8","233","2002-12-17 04:45:39"
"806","31","1097","2000-06-04 16:22:15"
"807","58","1922","1987-08-30 18:28:52"
"808","58","1321","1979-06-22 01:17:17"
"809","58","1793","1998-08-22 00:53:03"
"810","62","1902","1991-02-05 05:58:00"
"811","93","677","2019-01-18 03:47:53"
"812","57","521","1981-08-24 09:23:37"
"813","5","995","2021-05-22 03:53:24"
"814","62","1588","1981-10-14 21:52:14"
"815","90","509","1980-01-17 06:49:35"
"816","89","1896","1988-08-03 16:31:27"
"817","83","49","2004-01-12 13:22:59"
"818","99","298","1980-07-16 15:15:05"
"819","73","441","2019-01-25 20:45:16"
"820","45","1125","2011-03-15 02:41:27"
"821","74","1065","2015-02-03 04:42:13"
"822","27","1730","1984-12-19 18:36:01"
"823","97","1567","1987-08-24 12:45:15"
"824","37","1038","2009-09-09 23:56:28"
"825","20","410","2004-10-13 11:23:45"
"826","47","482","1992-10-30 01:54:00"
"827","4","7","1979-11-18 15:03:08"
"828","34","597","2011-06-22 13:22:11"
"829","57","1034","2010-06-05 03:03:20"
"830","96","494","1999-11-02 17:12:55"
"831","46","279","1995-01-18 18:50:49"
"832","47","1495","2013-07-22 23:47:55"
"833","94","1732","2011-07-26 10:48:22"
"834","93","1984","2015-04-03 23:09:20"
"835","35","1700","1987-01-24 22:18:08"
"836","12","1283","1999-02-09 18:34:55"
"837","12","14","1992-07-16 15:41:14"
"838","73","335","1982-09-08 07:25:48"
"839","73","886","1973-03-30 01:17:47"
"840","28","130","1974-02-01 07:42:45"
"841","38","1455","2010-12-25 22:00:52"
"842","93","1717","2011-02-26 10:49:25"
"843","34","935","1972-02-09 20:50:35"
"844","60","1643","1999-03-08 07:34:03"
"845","38","1334","2000-08-01 05:29:07"
"846","68","1581","1989-08-02 18:13:47"
"847","34","416","2016-03-22 05:08:22"
"848","63","1121","1971-07-17 16:08:57"
"849","49","1999","1973-04-17 22:36:01"
"850","34","708","1995-01-15 05:05:01"
"851","66","179","2022-05-12 04:11:30"
"852","29","1710","2004-02-14 19:07:22"
"853","90","1303","1986-10-28 09:32:50"
"854","56","1513","1989-05-14 07:09:52"
"855","69","93","2000-01-09 10:27:47"
"856","79","1296","1998-04-16 01:55:02"
"857","92","212","1987-02-13 22:29:31"
"858","78","731","2006-11-26 23:59:12"
"859","21","1879","2009-08-01 19:42:21"
"860","74","995","2018-05-06 19:26:05"
"861","30","577","1981-12-06 06:41:59"
"862","74","985","2012-02-07 21:31:17"
"863","35","1701","1989-02-02 16:53:05"
"864","51","120","2005-08-06 23:01:01"
"865","43","1162","1975-06-11 03:18:58"
"866","55","1752","2009-02-05 00:26:05"
"867","99","397","1973-11-27 18:41:52"
"868","36","448","1999-10-29 14:54:37"
"869","90","1731","1984-04-22 22:42:12"
"870","56","973","1998-11-12 05:23:14"
"871","10","416","2013-01-23 04:06:49"
"872","72","1501","1996-11-10 15:37:29"
"873","88","274","1997-12-01 09:48:01"
"874","74","725","2006-12-13 16:18:34"
"875","91","825","2021-07-10 08:13:11"
"876","35","78","2008-07-31 12:39:29"
"877","38","676","2010-07-10 20:09:49"
"878","47","667","2015-06-05 14:01:24"
"879","22","1569","1993-04-17 18:29:25"
"880","64","669","1977-07-20 08:52:35"
"881","59","29","1991-10-22 03:16:48"
"882","77","418","1984-10-13 12:16:20"
"883","91","613","1991-10-12 19:12:02"
"884","93","299","2021-04-16 21:41:51"
"885","69","1770","1970-05-05 02:54:36"
"886","68","1846","2016-11-14 20:49:12"
"887","48","1757","1997-05-16 08:41:55"
"888","4","356","1988-07-06 07:35:11"
"889","20","910","1984-07-20 19:10:38"
"890","74","1259","2003-12-31 12:45:18"
"891","17","1673","2019-07-20 23:39:12"
"892","25","1412","1992-05-15 09:59:42"
"893","84","1807","2005-04-18 13:48:12"
"894","63","1885","1977-05-18 11:23:37"
"895","78","1588","2020-11-19 18:24:16"
"896","37","524","2012-10-24 15:39:42"
"897","4","1612","1978-04-29 13:24:08"
"898","50","931","2011-11-05 13:40:40"
"899","63","184","1981-05-17 17:44:26"
"900","83","661","1987-01-18 02:48:53"
"901","57","1735","1972-05-02 00:37:08"
"902","96","670","1981-05-14 04:32:04"
"903","43","533","1984-08-05 01:25:12"
"904","2","1739","1997-03-03 03:33:26"
"905","20","161","2009-02-10 00:08:36"
"906","59","335","1977-07-16 17:13:41"
"907","78","84","1982-06-13 03:03:10"
"908","68","14","1982-11-30 12:39:59"
"909","12","881","2011-01-24 17:23:50"
"910","82","910","1994-12-09 23:31:49"
"911","98","1665","1991-02-26 10:39:11"
"912","61","694","1974-10-05 21:39:13"
"913","69","825","1998-07-07 11:27:04"
"914","85","1015","2009-11-28 17:30:54"
"915","0","398","1984-03-15 18:12:39"
"916","31","1387","1982-11-08 19:26:13"
"917","2","621","2011-06-03 15:34:55"
"918","20","1416","2015-11-12 02:25:13"
"919","31","1344","1983-11-18 19:20:39"
"920","77","1270","2003-08-24 10:03:58"
"921","48","48","2015-11-11 19:35:05"
"922","77","1392","2006-03-18 19:06:35"
"923","67","630","1979-10-03 03:33:11"
"924","59","1429","1996-05-14 05:14:47"
"925","69","680","2013-08-30 12:28:14"
"926","14","1986","2011-08-27 02:22:57"
"927","32","1352","1999-03-14 05:03:17"
"928","32","330","1994-06-01 04:35:29"
"929","57","253","1986-08-25 01:58:12"
"930","38","1993","1974-04-23 06:50:05"
"931","18","232","1998-08-03 14:22:55"
"932","53","648","1976-02-25 13:24:47"
"933","63","1368","1990-10-30 21:56:06"
"934","24","551","1985-01-12 01:43:37"
"935","57","526","2011-01-26 00:33:50"
"936","91","38","2014-01-04 14:41:23"
"937","78","44","1983-12-03 01:42:43"
"938","30","1992","1997-09-03 19:01:12"
"939","42","1034","2018-11-11 21:38:33"
"940","75","1933","1983-09-10 14:28:15"
"941","68","1383","1993-03-01 04:14:44"
"942","59","1679","2013-06-15 13:23:48"
"943","51","74","1982-11-04 16:39:52"
"944","87","1453","2009-04-02 19:13:17"
"945","97","1252","2001-05-12 23:57:26"
"946","47","837","1973-06-04 14:54:21"
"947","25","535","2000-09-13 11:14:04"
"948","44","272","2022-06-14 04:49:59"
"949","72","521","2007-12-16 21:48:26"
"950","29","1282","1973-10-21 03:35:59"
"951","7","1287","2007-06-05 07:52:10"
"952","33","1254","1971-08-31 09:12:56"
"953","50","179","2018-03-28 16:10:19"
"954","21","1613","1980-05-06 10:59:21"
"955","54","1482","2016-07-13 22:51:43"
"956","12","881","1991-12-16 04:52:19"
"957","47","430","2011-06-13 00:24:22"
"958","22","279","1987-11-02 17:15:13"
"959","84","390","2020-09-08 23:08:40"
"960","65","48","1970-11-06 08:54:07"
"961","68","83","2002-05-06 01:05:53"
"962","88","15","1984-01-07 07:51:00"
"963","76","1956","1996-05-14 16:43:36"
"964","88","520","2019-02-07 07:07:47"
"965","92","1842","2022-10-02 22:15:25"
"966","85","1392","1979-07-29 04:32:24"
"967","88","1934","2018-04-25 22:51:19"
"968","31","843","2020-10-16 14:37:00"
"969","21","1581","1980-06-10 01:01:50"
"970","59","886","2001-03-19 10:41:22"
"971","79","1971","2010-08-02 14:28:48"
"972","78","335","2016-05-20 09:51:20"
"973","80","1987","1995-09-05 20:01:13"
"974","14","670","1994-10-29 02:33:42"
"975","10","232","2003-08-07 05:53:26"
"976","73","1681","1983-12-10 02:26:47"
"977","83","1900","1987-02-10 08:32:07"
"978","85","1301","2012-03-28 23:11:23"
"979","86","1303","1979-12-05 22:30:55"
"980","74","1172","2006-04-19 20:13:02"
"981","52","1474","2014-05-11 18:18:25"
"982","79","989","2002-05-08 17:25:08"
"983","85","1732","1973-08-15 04:56:00"
"984","62","1174","2007-03-13 05:55:12"
"985","44","1234","1980-01-23 04:22:39"
"986","58","191","2017-05-05 21:01:17"
"987","63","1005","1989-05-31 15:42:02"
"988","45","1655","2007-03-21 14:55:20"
"989","73","855","1992-05-11 01:35:03"
"990","23","1601","2002-01-14 08:53:05"
"991","5","1065","1973-03-12 15:40:31"
"992","70","730","1997-07-20 15:28:55"
"993","23","16","2021-06-30 10:18:18"
"994","91","727","1982-10-24 06:47:28"
"995","50","1918","1979-03-18 11:32:11"
"996","43","1063","2011-03-31 09:04:45"
"997","25","917","2004-10-18 22:27:12"
"998","29","1007","2016-07-07 02:58:09"
"999","23","305","2012-12-03 21:51:47"
"1000","86","939","2004-06-22 13:59:24"
"1001","98","938","1972-10-29 05:17:13"
"1002","55","0","1995-11-21 18:34:41"
"1003","53","378","1977-10-13 06:16:25"
"1004","64","525","1993-09-21 02:10:29"
"1005","7","1323","2001-08-04 14:10:03"
"1006","76","233","1994-02-05 03:19:47"
"1007","54","1728","1992-05-13 08:51:48"
"1008","23","517","1989-09-16 15:37:23"
"1009","74","7","1987-05-22 12:18:16"
"1010","36","1974","2012-12-01 10:05:12"
"1011","93","1991","2003-06-01 09:35:32"
"1012","29","2","2021-11-17 05:05:41"
"1013","62","119","1995-01-01 10:37:02"
"1014","16","498","2005-09-06 01:40:33"
"1015","80","999","2019-06-12 19:42:48"
"1016","25","526","2005-02-28 00:50:24"
"1017","41","1506","1988-05-11 20:53:00"
"1018","29","310","1987-04-09 03:35:06"
"1019","36","890","2016-03-03 20:07:59"
"1020","37","378","1977-12-05 02:29:58"
"1021","66","993","1997-02-08 15:49:28"
"1022","76","162","1983-01-07 20:28:23"
"1023","50","1648","1991-10-17 14:19:29"
"1024","75","1677","2007-08-09 13:14:57"
"1025","54","1513","1984-12-19 23:53:51"
"1026","62","970","1989-10-07 20:42:37"
"1027","71","285","1995-07-02 22:03:18"
"1028","46","975","2018-10-04 08:14:46"
"1029","98","1125","1993-11-02 12:51:48"
"1030","12","783","1979-01-18 05:24:33"
"1031","90","1995","2009-04-26 05:16:55"
"1032","2","1628","2022-08-13 08:34:51"
"1033","72","123","1983-12-29 06:17:34"
"1034","91","1382","2001-01-31 15:45:39"
"1035","70","14","1979-03-17 07:41:09"
"1036","1","273","1993-12-07 15:37:53"
"1037","24","1377","1987-11-04 14:53:45"
"1038","17","190","1988-09-30 22:30:37"
"1039","79","1190","1976-07-06 05:26:24"
"1040","45","1646","1976-12-05 12:31:31"
"1041","94","1443","2000-02-03 15:41:15"
"1042","14","1238","1987-05-26 03:29:06"
"1043","77","434","1981-03-22 20:53:19"
"1044","74","1030","1973-09-21 20:36:00"
"1045","73","1287","2005-12-29 22:39:34"
"1046","10","240","2016-08-28 01:23:18"
"1047","99","41","2008-06-04 07:52:02"
"1048","30","454","1973-01-11 04:09:26"
"1049","62","294","2001-10-01 20:42:45"
"1050","11","420","2018-01-04 11:48:44"
"1051","60","1414","2015-02-25 17:38:28"
"1052","52","237","1983-09-25 15:19:52"
"1053","61","1847","2012-03-11 00:02:48"
"1054","73","0","1988-07-16 06:19:08"
"1055","16","208","2010-01-09 20:45:25"
"1056","80","1235","2022-03-30 00:22:00"
"1057","91","573","1981-06-22 01:03:23"
"1058","0","1140","2006-01-22 01:08:00"
"1059","28","248","1998-06-24 13:50:51"
"1060","54","887","1977-09-12 16:04:59"
"1061","38","179","2007-11-14 15:12:15"
"1062","60","1516","1981-06-14 16:13:50"
"1063","20","526","1992-06-08 17:32:28"
"1064","89","541","1991-02-17 01:59:06"
"1065","6","797","1985-08-19 09:14:55"
"1066","59","408","1978-05-07 11:09:58"
"1067","11","475","2004-03-11 00:48:12"
"1068","27","401","1977-04-15 14:11:14"
"1069","8","1266","1975-07-03 03:36:15"
"1070","44","166","1992-11-17 22:02:17"
"1071","51","466","1971-04-19 06:11:48"
"1072","22","619","2004-01-03 15:09:14"
"1073","65","135","2019-07-27 08:21:36"
"1074","26","1777","1997-12-02 11:57:58"
"1075","93","540","1975-01-24 20:42:21"
"1076","17","289","1973-08-02 13:23:13"
"1077","83","1289","1974-04-02 02:26:48"
"1078","6","1851","2000-02-05 07:45:13"
"1079","61","712","2011-07-24 22:47:54"
"1080","49","170","2001-01-14 03:04:07"
"1081","42","1992","1970-04-23 07:41:28"
"1082","81","1441","1970-07-24 19:31:06"
"1083","45","454","1987-07-28 22:30:37"
"1084","40","877","1985-07-04 23:35:08"
"1085","45","194","2006-08-13 00:10:31"
"1086","82","167","1998-11-28 13:28:10"
"1087","45","880","1993-02-14 15:02:27"
"1088","69","524","1979-03-19 15:05:53"
"1089","9","1217","1994-05-16 20:51:37"
"1090","85","1609","2011-06-23 17:40:00"
"1091","5","505","1984-10-25 21:33:55"
"1092","97","271","1987-08-27 14:01:11"
"1093","1","1604","1987-05-14 04:47:47"
"1094","25","1252","1986-10-31 02:29:07"
"1095","83","1821","2009-10-31 20:19:23"
"1096","65","1096","1996-02-01 00:42:43"
"1097","14","210","2002-04-29 21:48:45"
"1098","82","351","1990-05-15 16:59:21"
"1099","48","451","2022-08-30 12:28:55"
"1100","68","1096","2003-12-31 20:41:40"
"1101","50","378","1995-11-11 21:53:40"
"1102","97","477","1986-04-28 10:09:00"
"1103","12","1604","1991-05-05 02:57:24"
"1104","4","272","1973-05-31 16:39:54"
"1105","1","5","2011-03-09 06:39:54"
"1106","32","174","1993-03-25 14:28:51"
"1107","22","1794","1993-03-26 12:45:42"
"1108","53","1009","1990-09-19 23:09:00"
"1109","81","1315","1997-10-12 05:43:29"
"1110","14","1732","2013-07-31 18:12:21"
"1111","87","215","2001-07-07 04:20:50"
"1112","86","880","2016-02-04 12:31:16"
"1113","79","34","2022-01-26 14:28:22"
"1114","35","1160","2008-01-28 09:11:15"
"1115","52","135","1993-07-01 09:32:25"
"1116","54","671","1994-06-16 09:18:59"
"1117","56","1453","1979-09-25 19:07:38"
"1118","62","43","2021-03-27 16:21:20"
"1119","20","1238","1971-01-05 22:32:05"
"1120","53","1270","1988-07-18 15:24:12"
"1121","74","1336","2011-06-10 14:49:34"
"1122","18","993","1992-05-12 09:33:52"
"1123","29","1598","1985-09-10 00:19:54"
"1124","80","1487","1985-09-06 01:24:14"
"1125","6","1217","1978-08-26 14:33:39"
"1126","28","743","1996-10-16 21:41:25"
"1127","89","29","1996-09-02 12:34:51"
"1128","40","630","1986-03-04 19:55:19"
"1129","96","1195","1983-06-22 15:08:49"
"1130","89","1663","1979-02-11 19:44:11"
"1131","76","214","1979-02-22 10:04:51"
"1132","20","1878","2015-05-12 02:49:28"
"1133","4","797","1999-05-24 06:07:28"
"1134","13","453","1985-12-30 13:16:30"
"1135","66","1289","2020-01-19 02:23:59"
"1136","0","142","1972-11-06 00:55:00"
"1137","3","146","1983-06-09 03:02:33"
"1138","55","1119","1988-01-29 16:31:33"
"1139","84","1544","2004-02-10 08:07:00"
"1140","56","575","2007-05-29 19:01:19"
"1141","62","282","1970-06-06 03:47:09"
"1142","18","1619","2009-05-30 02:08:58"
"1143","97","224","2022-04-04 02:34:23"
"1144","9","1676","1987-10-04 02:23:59"
"1145","55","891","2021-03-11 03:23:30"
"1146","27","1474","1978-11-01 23:29:18"
"1147","48","990","1993-02-19 01:03:31"
"1148","65","323","2004-03-05 18:21:07"
"1149","23","245","2010-06-21 05:00:14"
"1150","51","1410","2001-07-02 05:24:18"
"1151","78","1030","1973-10-03 01:51:03"
"1152","8","1934","1984-04-25 20:21:31"
"1153","24","532","2004-09-28 10:12:28"
"1154","83","1176","2005-03-26 15:42:44"
"1155","20","629","1992-07-07 03:52:09"
"1156","17","605","1974-10-22 21:45:32"
"1157","10","1610","2007-06-05 14:07:24"
"1158","67","20","2020-03-07 10:13:57"
"1159","84","1097","1996-04-12 19:04:25"
"1160","35","544","1994-04-28 22:04:51"
"1161","18","1737","2012-10-12 09:00:10"
"1162","32","712","1989-08-29 11:12:35"
"1163","61","1791","1992-05-02 07:14:27"
"1164","0","809","1987-03-29 10:38:18"
"1165","84","1570","1981-03-11 12:16:32"
"1166","21","1775","1973-05-20 20:08:20"
"1167","88","1648","1972-12-02 12:08:12"
"1168","61","193","1978-01-22 06:20:15"
"1169","43","356","2015-10-26 21:34:12"
"1170","6","1493","1976-02-26 17:49:19"
"1171","41","840","2008-09-29 19:37:39"
"1172","52","540","1990-03-01 23:20:42"
"1173","96","1786","2010-04-05 20:15:05"
"1174","58","298","2007-09-01 21:52:48"
"1175","80","1433","2010-04-14 10:14:19"
"1176","18","448","2017-02-14 07:32:07"
"1177","49","193","2009-02-20 16:16:23"
"1178","37","569","1981-01-21 09:20:00"
"1179","38","4","2009-03-21 02:42:30"
"1180","3","1120","2014-11-30 02:41:16"
"1181","51","1071","1980-09-25 18:31:58"
"1182","0","796","2018-05-16 18:47:24"
"1183","29","366","1997-10-04 10:22:29"
"1184","10","1612","1991-10-09 21:47:59"
"1185","56","1964","2016-01-02 06:45:21"
"1186","34","1776","1986-07-06 03:57:23"
"1187","34","1334","2013-05-11 08:13:03"
"1188","55","1089","2018-05-16 18:57:30"
"1189","37","580","2021-12-25 05:27:52"
"1190","18","1731","2004-08-07 05:16:13"
"1191","9","540","1982-12-23 14:39:37"
"1192","75","189","1999-08-04 00:39:27"
"1193","46","816","1977-08-12 10:58:16"
"1194","31","1377","1993-03-02 06:25:56"
"1195","83","1009","1973-07-14 21:18:44"
"1196","81","526","2020-03-12 15:44:47"
"1197","28","1598","1992-09-14 09:33:37"
"1198","54","1601","2009-01-09 01:48:27"
"1199","28","331","2012-07-24 12:37:46"
"1200","75","1889","1988-03-06 20:15:58"
"1201","64","1089","2008-04-11 05:31:04"
"1202","37","1482","1996-01-01 11:13:46"
"1203","52","119","1982-04-14 18:43:08"
"1204","62","299","2002-08-18 06:36:40"
"1205","22","278","2000-05-01 22:50:31"
"1206","28","1561","1986-08-22 01:18:07"
"1207","67","1986","2010-11-13 17:38:34"
"1208","7","881","2015-04-15 11:01:50"
"1209","50","1710","1972-01-23 18:07:25"
"1210","74","1285","1994-01-17 00:24:41"
"1211","90","65","2018-12-12 18:25:34"
"1212","8","728","2015-09-14 15:31:01"
"1213","30","1763","2017-08-08 23:08:22"
"1214","13","1282","1989-05-26 18:43:01"
"1215","50","837","2015-08-04 04:28:48"
"1216","58","598","1988-07-29 03:23:44"
"1217","47","1547","1992-12-03 01:55:19"
"1218","91","1107","1990-07-27 18:48:27"
"1219","1","280","2018-12-21 05:59:57"
"1220","83","351","2017-11-20 18:46:36"
"1221","0","568","2003-11-22 12:00:53"
"1222","74","93","2011-02-25 09:33:15"
"1223","15","955","1971-11-24 00:50:01"
"1224","60","1140","2004-05-12 07:10:15"
"1225","64","458","1997-09-23 16:03:09"
"1226","38","1880","1981-12-11 09:30:39"
"1227","67","1768","1976-12-08 17:59:28"
"1228","69","1708","2015-12-03 17:40:39"
"1229","26","1121","1976-10-03 01:04:37"
"1230","44","669","1995-05-12 01:33:03"
"1231","92","1460","2008-01-15 00:16:18"
"1232","87","1770","1984-04-25 04:22:04"
"1233","0","1323","2021-03-06 23:12:41"
"1234","41","164","1971-07-16 17:12:31"
"1235","27","319","2013-08-03 23:58:19"
"1236","28","1046","2020-12-24 11:18:18"
"1237","77","987","1982-01-07 14:39:26"
"1238","4","1240","2019-07-05 16:39:48"
"1239","48","587","1978-09-21 05:06:23"
"1240","86","1433","1990-01-07 19:35:57"
"1241","71","65","1983-10-13 18:30:03"
"1242","68","198","2003-11-27 23:28:20"
"1243","45","1457","2014-06-24 14:37:47"
"1244","30","1738","2005-02-14 05:46:32"
"1245","43","1089","2000-11-14 04:49:40"
"1246","28","1576","2002-05-25 18:27:50"
"1247","23","88","2012-02-10 06:58:04"
"1248","27","975","2010-07-07 19:57:56"
"1249","26","534","1981-12-22 19:51:11"
"1250","45","639","2009-05-06 11:00:50"
"1251","83","357","2015-02-17 10:11:39"
"1252","98","902","1976-04-22 00:38:12"
"1253","74","1038","2020-12-25 03:31:41"
"1254","14","1900","1982-06-27 12:52:59"
"1255","72","63","1993-07-21 01:54:19"
"1256","55","254","2003-02-01 17:06:21"
"1257","12","1961","2004-08-08 00:59:10"
"1258","29","1180","2014-03-05 15:15:36"
"1259","95","165","1971-06-23 13:50:50"
"1260","79","1201","2021-05-31 18:18:15"
"1261","19","1090","1977-12-08 09:08:10"
"1262","24","1995","1972-02-10 01:27:37"
"1263","80","1333","2018-04-14 15:13:36"
"1264","62","171","1976-04-13 07:24:20"
"1265","49","862","1991-11-12 14:40:21"
"1266","95","639","1980-03-19 02:17:34"
"1267","80","1601","2004-01-13 14:18:18"
"1268","41","517","2020-03-10 23:45:30"
"1269","46","69","1978-09-17 07:02:50"
"1270","38","671","1988-07-22 20:04:13"
"1271","6","1874","2004-06-06 00:46:18"
"1272","70","1835","1975-12-23 04:21:49"
"1273","12","408","1990-08-04 20:39:26"
"1274","79","1201","2002-06-27 09:34:42"
"1275","22","528","2019-04-28 02:10:06"
"1276","96","497","1975-12-22 08:52:56"
"1277","81","1879","1986-07-25 06:18:59"
"1278","20","308","1993-02-25 04:46:51"
"1279","51","710","2013-08-23 17:22:24"
"1280","38","1543","1979-12-31 14:02:49"
"1281","98","1873","1973-07-22 14:12:16"
"1282","84","383","2014-10-08 19:24:26"
"1283","80","1009","1992-05-18 14:14:10"
"1284","69","1717","1988-02-19 01:02:55"
"1285","99","1661","1988-02-06 01:32:45"
"1286","65","310","1993-02-27 17:26:40"
"1287","11","216","2020-08-12 18:27:26"
"1288","44","780","2011-06-22 23:43:42"
"1289","95","1719","2013-03-21 11:53:02"
"1290","79","250","1983-09-12 12:02:57"
"1291","84","42","2018-01-19 11:49:55"
"1292","3","247","2008-04-17 19:29:42"
"1293","38","1791","1989-05-12 18:59:49"
"1294","55","206","1973-07-20 05:46:04"
"1295","11","1455","2003-11-12 01:49:30"
"1296","0","847","1978-11-03 08:12:25"
"1297","27","1763","2000-08-22 20:38:58"
"1298","12","164","2019-02-14 17:26:39"
"1299","4","1669","1990-02-16 03:40:50"
"1300","34","677","2009-03-17 11:28:17"
"1301","0","1207","2000-05-12 08:22:06"
"1302","83","1681","1982-08-02 08:23:25"
"1303","20","574","1995-05-07 07:22:08"
"1304","59","498","1973-09-10 07:54:09"
"1305","21","1334","1985-10-15 00:06:51"
"1306","51","770","1972-11-22 09:46:39"
"1307","35","535","2006-04-09 14:24:18"
"1308","94","629","2021-01-18 14:04:19"
"1309","40","261","1979-02-25 21:08:54"
"1310","68","335","2004-05-30 00:26:33"
"1311","96","1569","1989-06-18 06:28:34"
"1312","4","1448","2010-06-21 23:55:53"
"1313","38","1238","1987-01-31 20:06:02"
"1314","99","721","1992-08-02 23:14:37"
"1315","1","888","2007-06-22 18:39:07"
"1316","87","605","2022-08-17 23:00:41"
"1317","76","1661","2002-11-12 22:51:16"
"1318","62","533","2019-11-24 22:41:34"
"1319","42","238","2003-11-20 00:25:39"
"1320","33","1589","1978-05-07 00:34:00"
"1321","12","409","2020-02-26 12:25:04"
"1322","7","1030","2007-06-20 17:23:55"
"1323","66","1815","1975-05-12 18:43:36"
"1324","50","873","1970-11-27 15:50:36"
"1325","51","1331","1977-02-27 21:10:54"
"1326","83","1204","2021-08-10 08:12:07"
"1327","7","482","2017-07-01 03:42:06"
"1328","21","1315","1982-04-27 04:24:04"
"1329","28","904","2008-01-05 09:06:44"
"1330","67","305","2022-03-21 09:34:46"
"1331","70","1303","2020-08-09 08:38:27"
"1332","5","423","2003-05-06 15:57:13"
"1333","94","1544","1971-12-19 10:49:44"
"1334","38","1928","2014-05-11 03:08:36"
"1335","93","596","2011-07-20 23:43:02"
"1336","91","466","1988-04-20 11:01:36"
"1337","97","198","2018-11-16 02:27:32"
"1338","77","142","1999-10-24 08:48:03"
"1339","65","1412","1974-03-09 14:19:47"
"1340","35","604","1985-08-08 00:10:00"
"1341","62","337","1983-05-19 17:41:41"
"1342","77","640","1986-07-20 08:06:01"
"1343","94","619","1970-10-10 14:53:16"
"1344","15","1512","1999-07-16 01:09:03"
"1345","29","1209","1987-05-02 06:10:26"
"1346","60","1562","1989-07-12 19:30:09"
"1347","85","580","2016-05-29 00:34:27"
"1348","9","1145","1990-07-18 02:03:56"
"1349","26","1909","1972-12-16 13:05:27"
"1350","56","1145","1996-10-16 02:43:29"
"1351","11","84","1989-01-17 02:58:27"
"1352","25","1180","1995-05-01 09:17:27"
"1353","45","779","2021-06-08 12:10:30"
"1354","87","454","1970-12-09 04:58:29"
"1355","69","728","2016-12-25 08:54:57"
"1356","83","523","2016-03-15 18:19:06"
"1357","76","965","2008-10-26 06:40:57"
"1358","27","362","2006-08-27 15:36:06"
"1359","96","965","2011-01-14 19:04:53"
"1360","56","236","2004-04-16 21:53:44"
"1361","70","920","1993-09-16 14:03:52"
"1362","22","84","1970-07-26 09:51:38"
"1363","42","1620","1993-12-20 07:40:17"
"1364","71","896","2022-01-26 10:01:43"
"1365","82","1846","1976-11-25 23:26:35"
"1366","86","1598","1970-10-10 08:33:43"
"1367","90","97","2013-01-24 13:36:51"
"1368","50","1934","1988-06-26 19:20:59"
"1369","71","271","2022-04-06 02:19:02"
"1370","90","769","2016-01-19 14:28:34"
"1371","93","453","1974-12-23 15:45:51"
"1372","59","926","2021-05-09 06:55:28"
"1373","46","1999","1987-07-16 08:14:58"
"1374","62","1225","2008-09-17 20:00:40"
"1375","98","1554","1975-01-27 14:56:22"
"1376","10","87","2009-01-08 03:32:39"
"1377","44","1109","2011-10-25 12:23:12"
"1378","94","1776","1999-08-01 11:39:15"
"1379","10","984","2021-05-18 21:28:42"
"1380","25","302","1979-05-01 20:16:24"
"1381","8","420","2012-12-29 19:50:56"
"1382","25","454","1999-04-24 05:58:29"
"1383","38","1277","2006-12-04 03:51:58"
"1384","2","361","1978-02-03 09:43:42"
"1385","48","1982","1971-10-14 02:43:48"
"1386","82","821","2014-11-08 13:59:52"
"1387","20","845","1973-03-01 10:27:35"
"1388","68","1453","2006-09-01 01:19:16"
"1389","41","26","2006-07-31 19:42:31"
"1390","29","1052","2019-12-04 15:02:49"
"1391","17","66","1970-11-10 14:17:07"
"1392","81","721","2000-08-02 20:09:32"
"1393","31","330","2022-04-13 14:47:42"
"1394","31","565","1973-10-14 20:51:50"
"1395","10","1052","1996-06-19 15:01:58"
"1396","74","486","1987-03-09 08:32:20"
"1397","98","1647","2016-10-05 01:51:50"
"1398","22","800","1999-10-07 22:28:55"
"1399","70","144","1972-08-21 21:38:16"
"1400","34","1382","1999-09-03 12:42:12"
"1401","11","3","1975-11-18 17:17:06"
"1402","91","1348","2002-04-21 07:16:17"
"1403","29","3","1987-01-24 09:48:38"
"1404","12","206","1973-08-17 17:37:46"
"1405","49","1756","2003-05-14 00:28:05"
"1406","60","471","1971-01-15 09:54:10"
"1407","96","508","1976-10-03 20:34:02"
"1408","41","1313","1987-04-11 12:02:48"
"1409","58","41","1975-03-25 06:34:03"
"1410","88","1091","1997-05-30 01:39:09"
"1411","12","572","2006-11-25 19:11:57"
"1412","47","1867","1975-05-14 20:52:21"
"1413","44","170","1979-12-31 16:13:47"
"1414","20","1061","1988-07-01 00:45:56"
"1415","91","1724","1985-02-20 23:24:44"
"1416","16","1214","1992-09-29 17:55:24"
"1417","39","1105","2019-02-13 21:12:14"
"1418","65","1209","2018-04-25 20:37:26"
"1419","54","125","1992-08-13 13:48:07"
"1420","48","494","2003-10-25 13:33:16"
"1421","69","1949","1994-03-14 06:51:52"
"1422","94","269","1989-11-10 05:14:06"
"1423","33","1544","2004-01-08 17:01:48"
"1424","96","1908","1992-09-18 19:29:00"
"1425","85","1762","2004-05-20 01:20:49"
"1426","63","1201","1978-09-09 13:47:54"
"1427","30","997","2003-07-27 00:42:17"
"1428","53","1981","2008-02-20 13:32:05"
"1429","86","1854","1971-01-12 23:09:20"
"1430","81","1520","1975-03-21 01:18:23"
"1431","48","1682","1985-02-28 11:38:59"
"1432","93","83","2003-06-18 21:28:46"
"1433","57","845","1988-09-18 04:12:43"
"1434","54","1593","1986-05-23 13:05:34"
"1435","45","517","2008-08-20 16:05:07"
"1436","44","475","2001-08-31 18:08:23"
"1437","56","563","1987-05-28 23:40:06"
"1438","27","502","2009-08-20 09:32:13"
"1439","90","1880","1994-05-03 20:15:05"
"1440","52","1595","2003-04-11 09:23:59"
"1441","9","869","1986-07-10 00:28:17"
"1442","37","887","2005-08-21 02:04:26"
"1443","10","376","2019-09-19 22:55:07"
"1444","27","767","1980-09-01 07:30:35"
"1445","48","925","1982-06-30 11:22:51"
"1446","93","1576","2018-02-16 18:47:21"
"1447","18","1649","2003-02-14 07:35:18"
"1448","75","1506","1986-08-13 17:57:26"
"1449","11","1323","1972-03-07 21:16:45"
"1450","18","334","2011-09-20 03:57:25"
"1451","97","141","1974-10-24 20:19:24"
"1452","88","22","1990-11-26 04:22:18"
"1453","91","1200","1973-10-08 06:35:53"
"1454","62","386","1993-04-14 23:26:39"
"1455","31","1594","1984-02-04 14:29:21"
"1456","48","534","2004-04-24 19:05:54"
"1457","92","33","2016-07-23 19:27:08"
"1458","97","386","1998-02-04 10:34:49"
"1459","26","454","1988-01-18 07:15:42"
"1460","34","1501","2006-02-08 08:47:26"
"1461","75","1091","2005-04-08 09:37:15"
"1462","63","15","1984-06-05 01:41:19"
"1463","45","43","1974-01-08 11:43:17"
"1464","41","1062","2013-01-17 19:53:50"
"1465","93","1315","2013-08-06 04:22:41"
"1466","3","363","2004-07-16 00:13:09"
"1467","90","744","1990-06-23 23:28:55"
"1468","83","1410","2012-12-25 23:54:42"
"1469","10","505","2005-07-25 07:14:27"
"1470","82","1728","1970-06-28 12:30:27"
"1471","14","1034","2019-06-20 07:45:23"
"1472","29","559","1996-02-21 09:39:35"
"1473","27","712","2017-02-08 02:32:57"
"1474","59","1038","2017-08-18 15:50:53"
"1475","43","1682","1979-11-10 04:16:25"
"1476","29","912","2004-10-20 15:50:05"
"1477","82","281","1989-08-24 13:36:27"
"1478","70","1703","1984-11-06 05:47:45"
"1479","39","1731","1984-05-07 16:06:48"
"1480","57","451","1986-01-23 06:33:08"
"1481","99","232","1997-06-07 08:26:09"
"1482","55","1068","1977-04-19 00:58:55"
"1483","22","1481","1997-11-29 05:45:42"
"1484","47","1596","2011-11-18 20:44:59"
"1485","15","1260","2010-02-01 06:43:39"
"1486","75","19","1973-03-27 12:32:46"
"1487","17","1207","1988-01-18 19:44:01"
"1488","65","1309","2009-01-20 06:54:35"
"1489","53","640","1978-06-10 04:56:35"
"1490","9","1707","1982-05-25 02:10:30"
"1491","74","1421","2016-06-27 12:05:46"
"1492","34","1208","1989-03-12 23:31:25"
"1493","24","802","1970-07-19 12:57:10"
"1494","17","560","1994-04-06 10:10:02"
"1495","82","1534","1983-05-12 12:27:49"
"1496","38","339","1985-07-14 03:52:52"
"1497","82","226","2008-10-10 02:44:28"
"1498","64","379","1986-06-28 06:19:47"
"1499","69","671","2004-09-23 18:08:37"
"1500","74","661","2009-11-11 09:49:17"
"1501","11","1203","2012-02-28 05:42:36"
"1502","91","1204","1977-07-26 12:11:18"
"1503","14","1235","1980-12-10 14:33:11"
"1504","94","171","1982-04-11 23:02:10"
"1505","45","1794","1995-01-31 03:40:52"
"1506","6","1306","1979-08-26 19:46:01"
"1507","73","1986","2005-07-30 20:31:34"
"1508","53","560","2001-06-30 21:03:34"
"1509","44","1822","1978-07-09 12:54:29"
"1510","47","281","2014-03-14 14:10:19"
"1511","65","1468","1989-12-15 11:57:43"
"1512","9","549","1970-03-22 06:35:30"
"1513","82","137","2019-10-22 02:15:19"
"1514","52","1552","1991-12-26 15:26:09"
"1515","24","1886","1992-04-12 12:41:12"
"1516","29","1430","1998-01-22 22:13:43"
"1517","97","369","1996-12-10 07:41:23"
"1518","8","575","1984-10-25 12:20:40"
"1519","30","424","1994-06-11 02:29:18"
"1520","33","1590","1999-08-06 21:21:35"
"1521","5","1691","2015-10-05 06:23:14"
"1522","12","1397","1986-04-05 02:05:59"
"1523","42","380","1990-04-05 22:42:52"
"1524","39","1038","1972-09-14 21:47:24"
"1525","85","965","1988-07-13 14:41:08"
"1526","71","1944","2013-09-24 00:33:48"
"1527","50","987","1974-08-27 06:51:13"
"1528","92","1485","2017-07-23 20:59:03"
"1529","49","1011","1971-11-05 01:32:16"
"1530","80","1903","2001-02-28 09:24:33"
"1531","13","710","1982-08-30 09:45:57"
"1532","33","817","1987-03-27 02:27:32"
"1533","98","513","2017-11-19 00:55:22"
"1534","93","1005","1996-08-16 23:22:40"
"1535","82","868","1982-10-09 17:13:40"
"1536","33","676","1981-04-19 19:56:09"
"1537","68","213","1995-01-02 14:16:56"
"1538","24","1311","2015-02-10 12:25:01"
"1539","59","644","2019-08-26 17:43:18"
"1540","8","67","2007-08-17 16:26:42"
"1541","59","1009","2020-04-26 06:22:18"
"1542","76","1660","1992-08-04 00:34:51"
"1543","24","87","1993-02-12 03:04:24"
"1544","39","1509","2015-04-29 09:49:28"
"1545","3","139","2006-04-13 23:59:01"
"1546","1","1587","1979-11-23 13:59:06"
"1547","3","1358","1973-05-30 22:59:09"
"1548","7","378","1979-12-05 07:49:46"
"1549","17","1604","2004-07-22 04:57:34"
"1550","92","416","1984-07-21 16:00:41"
"1551","48","1501","2006-12-13 00:18:39"
"1552","83","1226","2001-04-23 09:04:57"
"1553","99","1911","2015-08-07 08:32:13"
"1554","76","497","1984-11-03 16:26:47"
"1555","88","981","1979-12-10 09:36:47"
"1556","40","569","1994-05-29 21:13:48"
"1557","91","1306","1978-03-28 01:11:25"
"1558","47","1889","2020-03-20 16:15:19"
"1559","98","1210","2018-01-13 10:02:50"
"1560","36","1192","2018-10-01 13:41:12"
"1561","6","992","2005-03-31 16:25:35"
"1562","98","1005","2016-05-17 20:50:33"
"1563","48","771","1991-05-06 12:43:55"
"1564","48","1109","1970-03-15 11:00:39"
"1565","75","287","1986-02-12 05:54:55"
"1566","47","1643","1989-05-17 18:25:05"
"1567","9","374","1986-09-22 11:54:51"
"1568","2","1550","1976-03-25 00:21:57"
"1569","2","1401","2003-05-17 08:31:30"
"1570","12","1109","1992-07-27 08:33:25"
"1571","2","1013","1972-07-19 12:14:21"
"1572","55","910","1979-05-26 10:37:43"
"1573","75","22","2014-07-08 04:31:01"
"1574","52","1021","1981-06-13 03:48:44"
"1575","78","426","2002-10-31 05:36:30"
"1576","20","88","2021-12-28 05:37:49"
"1577","29","1063","1993-07-01 04:01:14"
"1578","11","846","1986-09-11 20:11:55"
"1579","87","302","2016-10-30 02:25:52"
"1580","32","902","1991-11-01 02:54:17"
"1581","65","1397","1975-10-17 06:06:00"
"1582","72","1932","1990-12-24 13:46:28"
"1583","32","712","1978-11-06 01:15:37"
"1584","95","334","1994-06-09 12:42:14"
"1585","20","541","2021-01-03 03:20:03"
"1586","37","1832","1994-04-27 05:23:20"
"1587","69","896","2003-10-23 11:38:04"
"1588","56","1910","1977-10-13 23:34:56"
"1589","17","331","1976-02-19 14:12:17"
"1590","46","20","1983-12-19 20:39:07"
"1591","86","1412","1984-10-05 22:36:48"
"1592","20","634","2013-02-15 04:36:46"
"1593","38","362","2001-01-07 23:03:26"
"1594","33","1311","1989-10-24 09:07:16"
"1595","77","549","2002-08-28 06:13:41"
"1596","66","1596","2008-03-08 06:06:51"
"1597","25","646","2019-07-17 05:28:51"
"1598","35","1042","1982-09-18 07:44:25"
"1599","11","571","1977-04-04 04:13:10"
"1600","76","1642","1970-01-27 18:24:11"
"1601","29","713","1980-05-20 11:41:09"
"1602","72","923","1983-09-30 01:50:47"
"1603","5","978","2008-06-17 23:01:42"
"1604","0","1349","2012-10-15 00:04:12"
"1605","43","1162","1992-06-06 06:04:10"
"1606","18","279","2018-12-28 01:12:45"
"1607","45","1582","2017-03-05 09:31:51"
"1608","47","1911","1987-12-19 20:15:23"
"1609","33","692","2014-11-18 09:09:55"
"1610","72","845","1996-04-02 03:06:05"
"1611","65","251","1986-08-23 22:46:15"
"1612","47","749","2013-04-26 23:36:35"
"1613","67","850","1988-07-09 21:52:06"
"1614","69","492","1979-05-31 18:37:30"
"1615","30","1821","2017-11-04 14:58:34"
"1616","5","926","1984-05-27 20:46:25"
"1617","45","1677","1976-07-02 22:23:43"
"1618","26","1384","1986-04-12 02:01:39"
"1619","52","1523","2011-07-28 19:09:32"
"1620","84","499","2019-06-07 05:28:20"
"1621","9","762","2000-02-13 12:27:18"
"1622","7","1637","2017-06-15 09:19:05"
"1623","29","650","1995-01-15 14:51:51"
"1624","49","1780","2007-11-03 23:29:48"
"1625","98","1712","1980-10-27 07:03:01"
"1626","36","185","1991-10-31 12:49:48"
"1627","70","57","2019-02-26 17:49:57"
"1628","37","575","1992-09-06 18:50:11"
"1629","69","491","1976-07-21 21:23:44"
"1630","65","619","2022-01-20 18:48:18"
"1631","58","1905","2010-02-25 15:47:55"
"1632","93","1879","2022-04-11 12:57:44"
"1633","57","839","2016-03-18 05:00:30"
"1634","17","1707","1992-12-30 05:57:32"
"1635","64","623","1975-01-08 19:06:14"
"1636","49","493","2005-09-09 15:46:20"
"1637","10","570","2001-10-06 17:07:10"
"1638","66","1361","2004-09-02 03:19:02"
"1639","58","1591","1992-05-14 15:54:30"
"1640","87","49","2009-10-22 17:43:24"
"1641","91","1061","1972-09-12 14:19:07"
"1642","79","1322","1998-05-19 01:46:01"
"1643","23","762","2019-08-08 22:54:20"
"1644","80","1372","2018-12-12 11:15:16"
"1645","72","969","2002-11-03 05:37:15"
"1646","90","1643","2018-11-23 10:54:36"
"1647","32","911","1982-01-30 14:33:06"
"1648","27","1009","1979-11-12 08:12:21"
"1649","69","378","2009-03-18 15:09:43"
"1650","5","1689","1984-07-25 17:16:10"
"1651","39","383","2005-09-14 20:59:10"
"1652","14","623","1995-08-16 05:10:11"
"1653","93","575","2008-12-04 02:46:25"
"1654","95","1516","2017-08-28 09:41:26"
"1655","73","1918","1996-01-28 20:25:37"
"1656","26","1884","1970-06-28 10:20:38"
"1657","34","1416","1990-10-20 12:12:49"
"1658","11","323","1991-10-03 23:54:57"
"1659","52","1431","2021-11-20 08:29:41"
"1660","39","1928","2002-10-27 22:11:49"
"1661","66","923","1998-01-13 02:28:05"
"1662","41","877","1971-06-29 16:20:16"
"1663","50","1677","1977-07-26 21:39:28"
"1664","53","124","1989-09-14 04:14:36"
"1665","33","1770","1997-09-11 09:43:58"
"1666","13","1186","1973-11-08 21:33:12"
"1667","38","732","2000-10-10 05:42:38"
"1668","43","1572","2017-02-05 05:36:05"
"1669","90","190","1975-07-08 20:22:46"
"1670","77","179","1993-08-12 03:08:11"
"1671","67","1562","1989-07-25 23:09:52"
"1672","42","1336","1986-06-10 23:58:09"
"1673","14","1482","1974-06-23 11:16:15"
"1674","34","464","2013-12-13 06:18:31"
"1675","9","1046","2018-12-09 01:16:37"
"1676","65","1533","1991-08-25 05:25:11"
"1677","77","902","1986-08-26 11:21:12"
"1678","37","728","2002-10-20 13:46:07"
"1679","10","418","1995-02-28 00:57:43"
"1680","38","668","2012-08-31 01:56:13"
"1681","46","1593","2003-06-02 12:47:28"
"1682","35","938","1977-09-25 13:57:09"
"1683","84","291","1989-09-13 01:37:53"
"1684","31","427","2000-03-20 08:46:06"
"1685","22","753","1998-07-27 06:26:06"
"1686","38","1021","1973-04-27 07:32:24"
"1687","55","1063","1978-05-23 20:45:30"
"1688","0","1738","1972-11-02 01:35:14"
"1689","26","1123","2016-07-20 16:44:07"
"1690","64","1906","2022-07-17 23:24:08"
"1691","13","137","1995-06-25 13:25:57"
"1692","7","1455","1985-01-22 02:04:41"
"1693","98","821","1970-08-25 23:14:06"
"1694","63","142","1995-07-09 06:05:27"
"1695","44","1732","1995-12-18 12:33:08"
"1696","41","999","2012-05-08 03:16:38"
"1697","44","290","1973-06-06 03:22:20"
"1698","59","1228","1978-07-13 05:39:10"
"1699","40","491","2021-08-23 17:16:58"
"1700","15","523","1998-02-24 23:22:34"
"1701","21","1089","1983-08-26 20:01:00"
"1702","63","984","1980-09-03 09:59:02"
"1703","19","125","1977-10-12 12:44:06"
"1704","67","1013","1986-05-02 22:36:03"
"1705","92","1791","2000-06-09 17:57:49"
"1706","3","1724","2018-07-25 14:08:10"
"1707","61","227","2000-02-25 14:24:17"
"1708","39","432","2017-04-14 17:50:37"
"1709","92","1398","2014-05-29 23:34:44"
"1710","9","502","1985-12-17 03:45:22"
"1711","60","851","1993-11-05 05:42:59"
"1712","55","1892","1976-08-16 08:50:31"
"1713","42","1206","1995-08-05 22:04:49"
"1714","50","1607","2020-11-02 09:31:16"
"1715","49","437","1981-01-28 09:51:34"
"1716","31","1794","1985-11-12 03:26:26"
"1717","45","1110","1971-03-23 07:51:24"
"1718","63","420","1996-01-19 04:25:20"
"1719","2","939","1974-02-17 11:51:25"
"1720","24","1207","2003-10-07 22:05:11"
"1721","83","569","2021-05-01 16:39:51"
"1722","12","67","1978-08-22 01:05:17"
"1723","55","531","2022-07-05 20:44:22"
"1724","18","577","2019-07-28 12:31:51"
"1725","98","1094","1975-12-05 06:46:08"
"1726","0","821","1978-05-16 07:27:22"
"1727","70","609","1988-05-21 16:37:29"
"1728","18","751","1981-03-11 19:42:50"
"1729","10","563","2017-05-27 19:25:59"
"1730","63","557","2005-01-26 06:47:46"
"1731","26","1647","2008-10-18 10:32:32"
"1732","86","425","1991-08-09 13:45:14"
"1733","74","1534","2008-02-27 18:40:25"
"1734","54","376","1998-10-17 00:08:23"
"1735","44","1165","2005-07-19 12:13:09"
"1736","82","432","1990-04-30 19:19:06"
"1737","46","167","1978-04-22 19:32:42"
"1738","93","1716","2013-02-20 22:19:55"
"1739","65","986","1997-04-17 13:16:32"
"1740","83","3","1988-11-01 13:34:16"
"1741","71","1593","2001-07-08 03:26:16"
"1742","44","1649","2001-10-12 01:06:24"
"1743","96","878","1983-01-08 02:01:26"
"1744","87","981","2002-04-14 08:30:24"
"1745","1","1854","2011-11-22 04:18:47"
"1746","89","1245","1976-08-26 04:47:57"
"1747","61","475","1971-10-08 13:12:58"
"1748","41","644","1978-06-10 09:56:10"
"1749","28","1563","1991-04-21 22:34:51"
"1750","17","1159","1977-11-07 15:54:07"
"1751","94","1732","1990-06-25 00:58:56"
"1752","54","1574","2019-07-15 23:17:17"
"1753","98","534","1978-06-21 15:43:09"
"1754","35","1172","1975-01-05 05:41:53"
"1755","93","1932","2016-01-23 15:01:59"
"1756","63","960","2020-09-04 20:30:53"
"1757","97","525","2001-09-18 06:41:07"
"1758","35","1804","1986-09-05 18:56:25"
"1759","34","980","1978-02-16 01:00:39"
"1760","15","1018","2004-10-13 09:03:03"
"1761","25","715","2012-08-04 01:54:03"
"1762","80","988","1982-03-01 06:23:02"
"1763","16","252","2001-07-25 09:35:24"
"1764","92","1567","1993-05-26 21:16:17"
"1765","60","1549","1974-05-26 16:35:24"
"1766","40","1837","1998-09-11 00:37:41"
"1767","2","1197","1991-09-10 14:30:30"
"1768","2","1841","1971-03-05 09:53:26"
"1769","36","1955","1998-01-13 12:33:15"
"1770","99","1326","1973-10-20 13:24:23"
"1771","69","1301","1992-12-09 23:14:20"
"1772","19","1574","2021-03-27 19:12:26"
"1773","72","563","2015-07-17 05:00:21"
"1774","25","641","2000-05-06 01:33:19"
"1775","84","733","2005-04-19 17:02:52"
"1776","95","1444","1973-11-11 01:28:21"
"1777","48","201","2003-02-27 01:06:06"
"1778","24","1165","1972-08-24 15:35:32"
"1779","85","212","1973-03-01 03:14:16"
"1780","83","240","2008-03-07 09:14:12"
"1781","73","1474","1992-08-25 05:54:50"
"1782","95","575","1980-05-28 00:59:08"
"1783","30","509","1989-06-11 00:46:47"
"1784","34","1910","1998-09-20 00:57:35"
"1785","91","431","1970-10-12 18:06:03"
"1786","77","838","1983-10-10 11:30:53"
"1787","19","347","1996-07-21 21:22:00"
"1788","36","1800","2000-06-01 04:08:22"
"1789","89","800","1985-10-04 04:26:56"
"1790","92","1542","1974-01-29 04:31:05"
"1791","89","1400","2010-02-06 01:53:54"
"1792","8","397","1973-06-01 20:26:25"
"1793","20","1392","2004-11-24 12:30:01"
"1794","71","1911","2018-02-01 03:03:18"
"1795","32","1846","2008-05-09 13:54:00"
"1796","83","1238","2015-11-23 07:45:20"
"1797","85","1475","1973-07-20 05:32:56"
"1798","21","252","2018-02-14 15:56:52"
"1799","35","1777","1980-06-28 12:31:43"
"1800","41","1842","2018-01-10 09:29:06"
"1801","40","1142","1970-04-23 18:59:11"
"1802","27","531","2004-01-30 19:22:14"
"1803","58","1775","2021-01-26 03:12:01"
"1804","13","1786","1993-06-10 01:37:55"
"1805","23","492","1973-12-30 16:17:45"
"1806","94","1061","1980-01-04 11:12:48"
"1807","6","448","2013-06-19 02:49:30"
"1808","35","237","1999-07-30 07:24:10"
"1809","75","1707","2006-03-21 02:04:39"
"1810","32","339","1989-08-15 22:52:31"
"1811","97","1990","2003-03-25 17:09:21"
"1812","39","292","2019-09-13 05:11:21"
"1813","40","1950","1989-02-06 16:10:03"
"1814","71","1846","1980-10-09 16:11:54"
"1815","39","1735","1986-10-13 03:44:06"
"1816","59","1547","1982-03-21 19:20:08"
"1817","21","363","1976-05-13 06:52:48"
"1818","23","725","1994-07-19 11:15:16"
"1819","79","176","2014-09-09 04:47:25"
"1820","84","1989","1972-12-23 20:38:18"
"1821","59","162","1997-07-19 04:02:32"
"1822","43","1287","2012-09-09 00:16:23"
"1823","73","1065","2020-08-11 19:18:24"
"1824","44","1932","1988-02-12 00:36:24"
"1825","73","1704","2012-08-10 16:05:06"
"1826","12","42","1989-11-16 12:29:28"
"1827","28","1699","2005-08-05 09:01:08"
"1828","60","347","1984-03-16 02:25:33"
"1829","83","68","2009-01-26 02:32:37"
"1830","54","1851","2020-02-04 05:16:15"
"1831","3","1197","1973-04-17 19:15:29"
"1832","15","1902","2006-08-12 16:33:26"
"1833","2","1793","1971-04-02 02:12:27"
"1834","63","640","1970-12-03 08:39:47"
"1835","52","1309","1971-06-03 06:54:40"
"1836","42","464","1980-02-15 04:45:07"
"1837","31","1225","2002-05-29 02:25:05"
"1838","34","281","1998-12-13 17:21:35"
"1839","47","993","1991-07-29 12:11:20"
"1840","38","1046","2006-02-15 12:53:37"
"1841","67","184","1970-03-19 09:23:15"
"1842","87","661","2019-07-10 02:17:19"
"1843","82","1137","2002-11-04 18:01:45"
"1844","88","1259","2001-09-26 11:40:00"
"1845","83","987","1996-07-23 21:28:05"
"1846","43","1283","1982-08-16 10:39:02"
"1847","91","840","1976-07-04 17:46:31"
"1848","51","446","2015-06-11 05:17:56"
"1849","74","802","1983-05-23 10:01:18"
"1850","27","252","2006-09-15 13:05:46"
"1851","36","1908","2013-12-21 19:00:22"
"1852","48","497","1980-06-28 16:02:47"
"1853","81","630","2015-05-31 13:14:51"
"1854","57","1880","2015-08-03 04:40:26"
"1855","73","366","1981-03-12 13:20:39"
"1856","66","1042","2005-05-31 02:37:04"
"1857","74","238","2000-06-24 05:25:46"
"1858","43","732","1988-12-01 09:06:19"
"1859","50","1384","1990-07-08 13:38:51"
"1860","88","541","1983-02-20 15:00:51"
"1861","15","791","2005-04-28 02:59:54"
"1862","22","1436","1996-12-22 08:22:56"
"1863","42","1534","1980-01-23 15:49:02"
"1864","66","19","1999-12-23 19:26:41"
"1865","2","1358","1982-08-05 08:18:14"
"1866","77","1905","1997-09-08 17:15:53"
"1867","88","1916","2021-11-03 20:01:10"
"1868","96","125","1984-11-17 02:44:42"
"1869","54","1027","1976-01-20 19:58:00"
"1870","95","1520","2005-09-17 06:08:19"
"1871","62","1516","1997-08-13 06:42:06"
"1872","27","1094","1974-09-10 15:29:30"
"1873","19","1523","2006-05-30 10:30:38"
"1874","7","978","1996-05-19 08:55:14"
"1875","47","1845","1995-01-03 10:39:30"
"1876","44","1601","2009-05-27 04:13:34"
"1877","15","749","1986-03-09 17:22:24"
"1878","94","1749","2001-10-05 02:39:08"
"1879","26","1226","1972-06-19 12:05:17"
"1880","16","1648","2013-06-03 00:33:06"
"1881","70","42","2013-04-27 18:42:20"
"1882","55","889","2013-01-20 00:21:27"
"1883","92","1771","1972-09-12 17:02:47"
"1884","49","1643","2013-05-13 03:45:15"
"1885","89","1344","2021-07-03 21:41:35"
"1886","5","274","1974-07-12 12:44:37"
"1887","13","676","1987-07-18 09:58:14"
"1888","73","572","1981-08-31 10:34:12"
"1889","14","1023","2016-03-16 16:28:32"
"1890","45","1377","1995-10-08 03:35:42"
"1891","34","809","2002-03-08 08:02:02"
"1892","55","1072","1974-12-03 13:28:33"
"1893","84","933","2007-06-20 13:22:41"
"1894","13","1941","1996-01-26 15:35:04"
"1895","91","1847","2005-08-16 09:46:17"
"1896","9","1400","1970-08-10 05:28:58"
"1897","19","1595","2009-06-04 16:47:13"
"1898","59","1581","1999-06-03 20:02:30"
"1899","51","730","1976-03-26 06:37:46"
"1900","33","878","2001-11-24 00:29:03"
"1901","11","1068","2018-11-12 04:40:37"
"1902","65","855","2004-10-23 09:53:36"
"1903","99","534","1997-12-19 07:25:09"
"1904","39","279","1994-06-02 12:24:29"
"1905","73","1985","1976-12-20 12:23:29"
"1906","33","1444","2005-01-04 09:16:25"
"1907","66","1991","1970-01-15 07:16:15"
"1908","3","1284","2009-08-28 17:01:52"
"1909","59","1358","2011-06-29 18:03:00"
"1910","52","214","2001-07-13 04:27:14"
"1911","17","1595","2019-01-04 18:15:14"
"1912","97","476","1985-06-19 17:21:03"
"1913","30","124","1986-12-05 01:50:53"
"1914","76","1443","2001-03-02 01:34:59"
"1915","46","1899","1986-03-12 22:43:06"
"1916","22","408","1984-11-01 23:22:40"
"1917","80","1752","1976-07-18 20:14:59"
"1918","77","1118","1981-03-23 02:31:01"
"1919","73","1596","1974-09-27 13:27:35"
"1920","7","294","1996-03-05 16:19:35"
"1921","22","667","1971-05-31 03:34:45"
"1922","73","361","1975-11-07 05:06:42"
"1923","38","549","2000-05-20 13:47:22"
"1924","10","179","1972-07-20 01:27:17"
"1925","15","1092","2016-02-17 17:19:08"
"1926","58","1543","2015-05-03 21:09:50"
"1927","62","60","2006-11-14 15:13:29"
"1928","45","565","1995-05-21 09:55:39"
"1929","3","1543","1971-12-04 03:49:29"
"1930","83","1201","1989-05-06 03:13:09"
"1931","38","781","2004-11-16 03:58:31"
"1932","32","1689","1987-09-24 17:02:26"
"1933","75","622","2015-07-24 15:21:08"
"1934","77","166","1981-06-10 23:08:45"
"1935","97","731","1984-07-06 17:53:09"
"1936","95","409","2001-10-16 13:12:29"
"1937","99","703","2008-05-20 05:33:14"
"1938","88","179","1993-08-11 03:40:51"
"1939","35","1647","1970-11-14 17:03:06"
"1940","66","1679","1984-03-19 09:32:20"
"1941","58","75","2005-10-05 23:17:23"
"1942","84","728","1973-10-11 05:02:27"
"1943","57","292","1977-06-02 19:04:18"
"1944","10","184","2013-12-31 06:30:19"
"1945","89","1596","1972-09-19 10:37:06"
"1946","92","1550","2007-12-29 09:37:17"
"1947","49","1821","1987-02-01 04:32:54"
"1948","49","1561","2002-01-03 00:14:05"
"1949","13","1791","1984-01-01 13:07:51"
"1950","23","908","1995-11-27 19:07:13"
"1951","59","233","1992-09-29 23:58:48"
"1952","30","302","2007-09-21 11:54:02"
"1953","74","110","2020-09-21 11:59:57"
"1954","1","30","1994-12-10 11:19:26"
"1955","15","597","1998-02-27 22:44:48"
"1956","76","37","1998-05-17 03:37:43"
"1957","56","0","1983-03-15 11:14:50"
"1958","55","1841","2006-10-07 16:49:06"
"1959","26","186","2002-07-28 17:39:29"
"1960","38","179","1996-09-17 16:47:49"
"1961","1","661","2003-05-24 22:46:23"
"1962","1","1873","1975-01-21 17:49:24"
"1963","56","1417","2009-05-18 05:52:36"
"1964","7","1866","1998-11-06 01:21:26"
"1965","75","136","1993-11-10 00:51:05"
"1966","55","135","2013-11-05 16:31:24"
"1967","52","1296","1984-04-09 10:09:28"
"1968","33","911","1996-06-03 21:27:07"
"1969","61","809","1990-03-16 23:47:16"
"1970","24","568","1983-04-02 06:30:53"
"1971","26","762","2019-06-19 13:22:23"
"1972","75","1495","1986-09-10 22:51:34"
"1973","81","597","1994-04-28 11:57:23"
"1974","89","7","2001-07-21 18:28:49"
"1975","58","639","1981-10-31 16:39:53"
"1976","29","1467","1976-06-13 07:53:43"
"1977","93","273","2017-08-24 09:19:27"
"1978","88","1944","2007-01-01 08:48:19"
"1979","96","573","1976-07-19 12:13:11"
"1980","54","1669","1984-06-25 08:09:43"
"1981","92","448","2014-03-06 12:24:00"
"1982","15","576","1973-02-11 11:52:01"
"1983","55","349","2014-02-22 21:33:56"
"1984","66","1170","2020-12-06 03:21:57"
"1985","51","646","1987-12-25 09:10:44"
"1986","90","376","2020-06-15 15:55:52"
"1987","87","1493","1974-08-15 13:06:28"
"1988","23","1475","2019-10-12 00:32:33"
"1989","70","845","1978-06-20 02:00:06"
"1990","63","1549","1985-08-23 00:17:10"
"1991","62","1110","2013-04-28 07:59:56"
"1992","55","1190","2003-09-11 03:43:47"
"1993","93","505","2019-03-10 05:46:22"
"1994","22","164","2001-01-09 00:41:12"
"1995","29","627","2015-03-22 07:41:09"
"1996","5","174","2012-01-09 03:27:59"
"1997","49","464","2012-03-28 18:12:32"
"1998","66","1348","2016-06-12 02:34:37"
"1999","66","903","1988-02-14 22:37:55"
"2000","88","1302","2003-11-17 03:15:33"
"2001","87","67","1974-02-27 07:05:59"
"2002","60","185","1998-06-16 22:17:51"
"2003","87","1469","2005-07-08 05:35:00"
"2004","26","1700","1979-09-02 03:00:33"
"2005","35","1244","1982-03-12 16:07:10"
"2006","90","1474","1981-01-09 11:40:40"
"2007","30","167","1983-09-03 14:06:52"
"2008","71","1803","2009-01-26 02:20:19"
"2009","36","388","2003-03-11 18:17:31"
"2010","97","134","2012-11-07 00:20:32"
"2011","42","1107","2002-12-15 11:23:16"
"2012","39","956","1976-11-21 17:32:56"
"2013","91","639","1982-01-26 20:38:21"
"2014","38","559","2016-10-13 02:25:56"
"2015","47","843","1987-11-29 09:18:46"
"2016","20","1948","2021-05-18 23:33:30"
"2017","89","597","1988-08-21 09:26:26"
"2018","8","957","1974-12-06 07:00:29"
"2019","55","1777","1993-09-28 02:44:19"
"2020","76","227","2018-04-28 18:24:40"
"2021","64","1467","2010-07-16 04:12:29"
"2022","48","732","1981-11-04 13:27:06"
"2023","55","1992","2003-04-08 12:32:11"
"2024","45","524","2002-01-12 11:41:31"
"2025","8","1595","1988-03-07 17:41:56"
"2026","81","1701","1992-01-14 02:22:08"
"2027","65","1174","1990-05-07 16:10:19"
"2028","77","185","1996-03-13 02:05:41"
"2029","33","1209","2013-01-01 04:24:17"
"2030","69","864","2000-08-03 09:22:47"
"2031","2","34","2014-08-31 21:42:09"
"2032","96","441","1986-11-06 11:31:30"
"2033","69","604","2019-05-11 20:53:42"
"2034","38","1756","1974-10-01 10:55:23"
"2035","8","1334","1996-01-24 01:12:56"
"2036","17","1511","2016-09-24 19:40:24"
"2037","45","388","1978-08-24 19:38:01"
"2038","54","477","2001-08-23 21:08:44"
"2039","89","1199","1995-11-04 22:19:24"
"2040","54","1457","2000-12-23 02:19:49"
"2041","7","434","1979-11-14 04:42:29"
"2042","86","577","2020-11-08 01:39:15"
"2043","87","1551","2003-09-28 07:50:18"
"2044","61","89","1998-03-24 17:52:06"
"2045","94","167","1977-07-04 21:57:30"
"2046","8","713","2016-06-14 18:15:53"
"2047","64","1011","1985-03-06 19:03:50"
"2048","49","1780","2001-04-14 00:24:43"
"2049","65","1410","1989-03-14 17:02:48"
"2050","48","179","2008-08-27 16:33:59"
"2051","65","482","2009-05-04 04:08:58"
"2052","77","60","1972-12-14 02:49:26"
"2053","36","63","2002-12-21 13:28:36"
"2054","35","1947","2008-11-28 07:13:14"
"2055","94","1791","1986-10-16 02:14:12"
"2056","16","493","1979-09-24 08:06:31"
"2057","22","1207","1996-08-26 08:10:42"
"2058","39","1204","2010-03-01 02:49:50"
"2059","22","1610","2011-01-22 13:03:43"
"2060","40","1317","1992-10-27 23:26:33"
"2061","72","78","1993-04-22 04:54:23"
"2062","62","676","1986-10-08 17:12:56"
"2063","37","1505","1983-10-12 17:13:17"
"2064","27","65","2018-12-24 22:44:32"
"2065","21","56","2010-11-06 20:47:11"
"2066","84","908","2016-02-10 17:07:40"
"2067","2","733","2008-11-06 21:34:40"
"2068","9","136","2012-08-17 19:04:48"
"2069","89","1850","1971-02-27 06:06:59"
"2070","88","43","1991-02-16 18:15:01"
"2071","96","1162","1998-12-02 09:01:41"
"2072","73","779","1979-09-19 18:28:46"
"2073","2","596","1978-07-29 15:54:41"
"2074","1","1752","1986-09-30 21:16:07"
"2075","52","1455","1981-07-26 00:08:52"
"2076","85","1092","1971-04-28 21:21:51"
"2077","56","186","1970-01-02 06:02:35"
"2078","43","1116","2021-01-18 07:30:36"
"2079","39","1702","1979-12-28 08:08:12"
"2080","31","935","1978-03-08 08:10:35"
"2081","60","1681","1972-12-26 21:13:34"
"2082","35","1234","1971-07-24 01:09:51"
"2083","38","1116","2005-09-07 09:25:07"
"2084","74","1270","1982-10-05 15:34:19"
"2085","85","190","1998-05-09 03:29:00"
"2086","63","1842","1995-06-20 12:56:23"
"2087","18","1821","1999-10-12 13:36:11"
"2088","15","955","2005-10-16 23:31:07"
"2089","54","1587","1998-01-13 16:00:07"
"2090","97","923","2005-02-15 09:14:42"
"2091","82","644","2016-06-27 03:49:49"
"2092","60","1009","2008-01-05 04:59:56"
"2093","68","1130","1991-12-05 05:08:47"
"2094","5","1963","1993-03-03 22:28:18"
"2095","57","1777","2008-03-04 19:57:16"
"2096","29","1549","2011-05-29 16:58:15"
"2097","13","489","2016-11-14 05:22:22"
"2098","31","1062","1989-12-13 17:29:26"
"2099","15","1534","2006-12-02 17:26:30"
"2100","26","1372","2009-02-19 23:33:11"
"2101","39","744","1998-12-01 03:37:39"
"2102","78","372","1992-10-22 18:55:36"
"2103","85","1799","1993-03-03 07:28:35"
"2104","88","75","2014-01-31 10:08:53"
"2105","45","1636","1986-12-28 05:53:43"
"2106","90","1501","2000-05-24 23:32:32"
"2107","81","1588","1970-01-01 08:29:22"
"2108","54","1546","1974-07-05 15:48:53"
"2109","63","896","2012-11-12 04:27:51"
"2110","44","341","1970-04-09 11:29:11"
"2111","13","670","1999-03-02 10:26:20"
"2112","60","821","2004-04-04 04:15:47"
"2113","80","1745","2011-07-13 15:01:19"
"2114","61","627","1982-05-04 13:57:49"
"2115","46","19","1972-01-27 19:04:29"
"2116","68","368","1979-01-22 10:27:42"
"2117","45","1401","2005-04-26 06:00:46"
"2118","47","1780","2005-04-05 15:42:39"
"2119","73","63","1992-02-13 07:28:11"
"2120","19","1892","2013-06-07 08:51:25"
"2121","92","727","1995-08-16 12:37:02"
"2122","41","634","1985-12-17 15:50:52"
"2123","38","1437","2008-11-25 07:37:28"
"2124","7","477","1993-12-29 12:05:53"
"2125","79","281","1983-04-14 10:49:20"
"2126","28","1311","2006-07-13 07:31:55"
"2127","29","291","2014-02-04 01:17:10"
"2128","73","11","2020-06-28 16:41:09"
"2129","79","1023","2007-07-11 19:19:42"
"2130","80","1315","1999-09-14 15:39:07"
"2131","6","334","1994-02-14 20:29:22"
"2132","1","16","1972-11-13 13:12:20"
"2133","31","1027","1996-01-25 05:54:54"
"2134","46","110","1985-09-18 22:23:03"
"2135","19","596","1974-04-12 16:49:46"
"2136","60","632","1972-01-22 09:53:02"
"2137","0","1100","1995-12-13 04:57:06"
"2138","69","1947","1988-09-25 18:38:46"
"2139","60","877","2015-12-24 23:03:39"
"2140","53","1537","1970-04-10 11:30:49"
"2141","90","840","2007-12-03 03:04:39"
"2142","52","378","2005-07-08 16:02:24"
"2143","0","1262","1973-06-28 07:17:36"
"2144","10","842","2015-08-15 19:29:56"
"2145","75","1573","2015-09-07 19:47:46"
"2146","28","464","1997-07-14 11:23:09"
"2147","16","667","2002-08-27 08:00:25"
"2148","35","1512","2000-12-01 05:40:03"
"2149","91","1068","2013-06-06 08:25:10"
"2150","57","482","1970-02-04 10:41:01"
"2151","14","308","2005-11-24 08:01:21"
"2152","47","1467","2005-07-09 09:51:42"
"2153","4","313","1991-05-27 07:00:35"
"2154","7","1311","2018-08-22 19:35:12"
"2155","52","931","2008-09-02 07:14:42"
"2156","45","430","2012-04-20 13:54:08"
"2157","62","640","1985-09-14 21:53:05"
"2158","29","1089","1970-02-06 04:50:23"
"2159","81","1254","1984-06-23 00:29:46"
"2160","11","317","1981-01-17 00:32:54"
"2161","65","1983","1970-05-04 22:09:07"
"2162","25","1591","1997-11-11 17:05:26"
"2163","30","1075","1977-02-02 16:34:43"
"2164","42","1786","1973-08-28 08:55:10"
"2165","18","1716","1971-12-01 14:02:52"
"2166","18","489","1989-04-13 22:15:42"
"2167","84","289","1991-10-14 06:02:51"
"2168","38","281","2017-11-05 22:06:35"
"2169","67","362","1976-09-18 21:39:44"
"2170","91","320","1999-03-12 16:20:31"
"2171","7","692","2001-05-16 07:10:38"
"2172","13","169","1999-11-02 03:05:55"
"2173","84","873","1983-10-28 15:43:36"
"2174","73","120","1992-09-18 00:28:58"
"2175","97","1065","1976-02-07 15:03:53"
"2176","74","994","1971-07-08 16:55:41"
"2177","2","1326","1970-03-11 22:51:49"
"2178","81","599","1985-07-23 17:38:15"
"2179","10","1283","1978-10-03 06:32:37"
"2180","62","1154","2021-05-17 08:10:43"
"2181","54","315","2011-05-15 17:28:15"
"2182","78","805","1973-06-04 08:01:21"
"2183","65","0","1984-03-20 20:10:00"
"2184","46","1822","2008-08-02 18:38:58"
"2185","32","619","1999-04-18 09:25:09"
"2186","81","139","1981-06-22 23:01:14"
"2187","22","1791","1976-03-21 08:48:12"
"2188","36","455","2013-11-26 15:20:38"
"2189","29","1999","1978-10-22 00:14:12"
"2190","43","1090","1994-02-28 18:47:05"
"2191","11","799","1990-05-16 20:16:35"
"2192","46","237","2016-01-18 21:17:24"
"2193","81","760","1979-07-01 15:37:17"
"2194","64","630","2004-08-15 05:14:28"
"2195","95","713","1991-11-21 08:17:25"
"2196","58","821","2011-11-20 08:08:00"
"2197","71","541","1972-06-29 00:23:44"
"2198","2","247","2015-03-04 12:18:03"
"2199","24","226","2020-03-21 16:39:05"
"2200","21","1414","1985-08-28 08:40:57"
"2201","14","420","2009-02-13 12:48:12"
"2202","70","1412","1989-03-09 23:45:56"
"2203","25","149","1977-05-21 17:13:43"
"2204","2","214","1970-07-10 07:14:43"
"2205","3","1760","1976-04-16 18:19:04"
"2206","3","1729","1972-07-01 18:52:58"
"2207","56","1283","2018-11-19 16:13:28"
"2208","47","877","2018-11-11 21:43:28"
"2209","26","1285","2002-05-11 06:07:14"
"2210","82","1057","2009-02-09 20:53:16"
"2211","96","879","1993-09-28 23:15:43"
"2212","83","349","1999-12-05 17:38:03"
"2213","64","1944","2009-01-27 11:27:56"
"2214","43","972","1989-11-02 22:49:19"
"2215","44","1326","1977-02-08 03:52:53"
"2216","96","1116","1988-04-05 06:17:29"
"2217","28","320","1995-05-15 10:38:06"
"2218","11","137","1973-07-03 03:32:43"
"2219","35","281","1994-03-21 21:48:24"
"2220","5","986","1983-01-04 11:05:30"
"2221","40","840","1998-07-04 00:08:24"
"2222","2","373","1980-03-19 03:55:33"
"2223","21","1057","1987-03-17 08:17:22"
"2224","18","1272","1991-01-16 13:33:29"
"2225","81","1150","1971-11-20 20:43:15"
"2226","2","564","2009-10-25 19:38:02"
"2227","62","1013","1980-06-03 05:37:10"
"2228","50","1658","2014-03-31 11:48:26"
"2229","9","254","1988-07-18 18:43:26"
"2230","56","1961","1970-03-19 11:02:46"
"2231","19","4","1972-01-06 22:26:18"
"2232","35","1494","2007-03-19 09:49:09"
"2233","71","1223","1986-08-22 04:57:05"
"2234","15","1769","2005-04-04 20:08:33"
"2235","38","1217","1984-05-31 23:53:53"
"2236","77","1007","2021-03-27 10:49:40"
"2237","18","1435","1990-03-13 13:23:47"
"2238","15","1259","1972-02-25 21:03:55"
"2239","20","1208","1995-12-20 15:30:53"
"2240","41","587","1980-06-25 23:40:32"
"2241","27","427","2021-08-22 01:30:16"
"2242","67","486","2012-06-28 23:06:46"
"2243","69","1151","1999-10-21 04:44:13"
"2244","13","1628","1975-01-15 22:52:44"
"2245","89","1457","1998-01-30 06:53:10"
"2246","31","1915","2008-09-07 16:44:04"
"2247","87","139","1992-06-26 03:00:13"
"2248","81","1027","1999-07-18 16:44:26"
"2249","77","1699","1971-11-14 07:08:41"
"2250","18","1384","1996-08-26 04:16:47"
"2251","47","1071","1982-07-21 20:48:43"
"2252","38","194","2005-01-17 11:09:12"
"2253","61","1974","1997-07-23 04:46:56"
"2254","61","1866","2016-11-25 09:25:53"
"2255","47","1452","1973-10-29 13:03:53"
"2256","86","1138","2021-05-04 20:30:04"
"2257","56","301","1977-04-08 18:36:57"
"2258","51","1194","1994-05-25 18:26:56"
"2259","56","441","1997-02-13 10:05:01"
"2260","54","184","1984-11-29 10:25:02"
"2261","31","933","1994-12-29 21:05:29"
"2262","85","606","2013-03-13 06:22:46"
"2263","44","60","2011-02-26 15:12:41"
"2264","18","431","2003-11-14 00:33:48"
"2265","56","383","1977-10-23 17:16:59"
"2266","70","580","1980-10-03 01:13:43"
"2267","29","1993","1998-06-12 19:47:42"
"2268","21","1302","2015-04-30 09:30:29"
"2269","66","1815","2006-09-08 22:44:29"
"2270","59","1395","1979-04-15 21:10:57"
"2271","4","1673","2012-12-06 00:15:38"
"2272","61","1756","1973-06-08 19:21:56"
"2273","21","1661","2004-01-07 00:03:47"
"2274","43","120","1984-12-01 00:26:02"
"2275","33","993","2008-05-14 07:58:07"
"2276","85","891","1987-12-09 11:12:51"
"2277","11","1044","2015-09-29 02:46:21"
"2278","20","986","1985-10-05 21:07:49"
"2279","46","575","1970-03-22 23:50:01"
"2280","26","1941","2019-01-28 23:09:39"
"2281","8","1199","2002-11-01 11:27:42"
"2282","55","845","1991-09-10 14:49:14"
"2283","87","1291","2019-09-08 13:46:43"
"2284","34","206","2021-12-04 19:54:49"
"2285","78","1336","1999-01-21 03:08:37"
"2286","24","526","1994-06-03 08:18:18"
"2287","34","1140","2018-09-18 13:34:33"
"2288","10","52","2003-11-11 21:37:14"
"2289","63","1941","1981-10-21 05:24:57"
"2290","79","673","1995-03-23 01:37:59"
"2291","68","435","2022-08-26 07:36:38"
"2292","27","1046","1978-12-12 12:12:15"
"2293","97","1936","1995-04-29 08:14:25"
"2294","10","1223","2012-12-27 05:30:39"
"2295","88","66","1974-02-05 19:18:53"
"2296","5","926","1997-01-24 19:39:31"
"2297","59","1886","1986-08-22 10:28:51"
"2298","3","1283","1987-08-18 18:20:15"
"2299","97","1786","1991-05-04 16:05:52"
"2300","30","677","1994-03-29 14:18:02"
"2301","92","491","1985-06-18 15:37:19"
"2302","60","1830","2020-08-11 14:43:03"
"2303","38","38","2006-10-22 19:03:29"
"2304","6","1550","1971-04-28 11:47:40"
"2305","23","821","2019-07-19 21:57:57"
"2306","20","1437","2012-08-24 11:41:04"
"2307","28","199","1990-01-18 22:58:13"
"2308","20","418","1976-02-25 06:44:03"
"2309","87","762","2005-03-05 07:36:02"
"2310","87","923","2017-10-09 03:21:39"
"2311","42","1971","1991-10-17 07:07:24"
"2312","47","291","2004-11-28 16:59:14"
"2313","23","1469","2016-07-15 03:56:40"
"2314","71","287","1984-09-29 15:39:51"
"2315","41","506","1972-06-09 16:31:20"
"2316","51","89","1978-07-04 00:34:07"
"2317","9","720","2009-12-09 10:22:30"
"2318","15","609","1979-04-17 14:57:08"
"2319","27","1401","2019-11-27 19:49:06"
"2320","10","500","1972-08-14 09:45:21"
"2321","94","1031","1986-03-21 13:18:15"
"2322","34","854","2002-11-21 10:33:43"
"2323","46","1661","1987-04-22 18:21:55"
"2324","61","447","2002-12-22 19:53:59"
"2325","93","1660","1980-07-17 07:59:06"
"2326","49","799","2019-10-17 18:59:41"
"2327","0","1042","2011-05-23 20:37:54"
"2328","45","613","1998-10-30 19:10:58"
"2329","10","1963","1991-04-18 20:48:38"
"2330","54","1485","2022-05-17 08:00:46"
"2331","84","1757","1994-02-25 22:11:07"
"2332","84","434","2021-01-11 18:31:36"
"2333","51","1752","2021-02-02 03:59:22"
"2334","62","1852","1983-12-29 02:03:19"
"2335","54","1628","1985-07-02 08:33:43"
"2336","38","833","2008-03-04 04:27:37"
"2337","2","1517","1984-02-28 05:13:47"
"2338","48","668","1971-10-24 17:53:05"
"2339","81","1716","1990-11-08 11:27:20"
"2340","68","1992","1985-07-18 18:19:28"
"2341","30","991","2006-09-04 15:24:18"
"2342","73","1468","1999-12-17 16:34:23"
"2343","63","1795","2009-02-25 10:24:28"
"2344","94","361","1979-08-02 12:46:44"
"2345","7","1505","2003-09-09 05:20:20"
"2346","46","215","2014-07-20 05:30:10"
"2347","57","1217","1981-06-21 01:56:13"
"2348","53","630","2007-02-18 00:07:45"
"2349","30","110","1987-04-30 23:17:32"
"2350","0","1567","2003-07-31 17:54:01"
"2351","92","1362","1987-03-23 23:29:51"
"2352","89","1903","2021-12-09 01:21:18"
"2353","21","1552","2001-03-28 14:49:27"
"2354","67","432","1980-02-25 10:38:40"
"2355","50","123","2000-10-01 18:29:24"
"2356","52","1935","1993-05-14 14:09:46"
"2357","67","1336","2008-05-19 14:58:25"
"2358","27","1908","1983-08-09 12:49:36"
"2359","78","1479","1972-01-14 12:59:57"
"2360","69","883","1977-02-23 08:15:17"
"2361","33","479","2004-10-26 08:41:13"
"2362","18","10","1974-05-01 14:34:20"
"2363","29","464","2001-06-19 11:25:06"
"2364","69","1613","1989-04-18 14:07:26"
"2365","91","1494","1972-06-20 10:39:40"
"2366","2","405","1995-08-06 01:46:17"
"2367","91","356","2016-01-17 20:35:55"
"2368","14","1097","1982-09-27 04:59:03"
"2369","17","6","2005-07-28 19:04:52"
"2370","26","1162","2016-02-14 21:47:30"
"2371","98","1874","2007-07-01 04:15:46"
"2372","47","720","1992-06-22 16:05:41"
"2373","50","1613","1975-03-13 19:33:15"
"2374","0","688","1987-07-14 12:44:20"
"2375","39","408","1970-09-16 11:53:06"
"2376","33","1841","1976-06-01 00:50:23"
"2377","86","1451","1978-09-23 18:02:02"
"2378","1","973","1990-06-19 19:53:00"
"2379","28","1943","2009-11-10 16:30:16"
"2380","23","166","1999-11-09 01:41:01"
"2381","12","1992","2012-05-24 06:49:32"
"2382","60","205","2003-12-11 09:11:49"
"2383","83","1906","1996-09-16 15:36:33"
"2384","89","1033","2005-12-14 23:19:39"
"2385","0","999","2004-09-25 13:31:31"
"2386","69","962","2003-08-31 01:59:09"
"2387","40","1613","1983-04-12 03:42:06"
"2388","19","279","1999-08-29 03:02:12"
"2389","76","868","2021-05-05 00:06:46"
"2390","24","1322","1997-04-21 20:51:08"
"2391","30","868","2005-04-23 09:36:20"
"2392","47","896","2004-10-16 22:32:01"
"2393","17","390","1999-04-12 02:31:37"
"2394","88","1803","1986-08-16 15:48:27"
"2395","76","739","2001-03-08 10:45:07"
"2396","25","1990","2007-11-28 20:28:43"
"2397","85","185","2005-11-20 20:29:27"
"2398","81","1160","1977-02-28 14:26:25"
"2399","93","330","1992-10-03 13:10:21"
"2400","83","599","2011-09-22 08:05:26"
"2401","77","1252","2015-04-17 15:17:23"
"2402","52","1433","1998-01-25 05:49:47"
"2403","33","535","1973-06-04 09:06:27"
"2404","40","644","1974-12-22 02:05:02"
"2405","49","65","1997-05-03 15:57:59"
"2406","24","770","2008-09-09 10:12:43"
"2407","60","324","1977-10-08 00:37:23"
"2408","57","1270","1971-08-12 18:59:48"
"2409","18","535","1992-01-20 16:48:41"
"2410","91","206","1985-07-04 03:35:48"
"2411","14","1962","1970-11-13 09:23:24"
"2412","65","119","2013-06-24 08:41:34"
"2413","53","87","1999-03-07 15:26:45"
"2414","15","1613","1980-04-29 21:54:05"
"2415","72","727","2020-06-25 06:54:35"
"2416","14","1279","2000-11-04 18:50:12"
"2417","94","873","2010-11-07 11:27:31"
"2418","41","1763","2011-01-31 08:37:46"
"2419","43","721","1974-07-22 11:33:39"
"2420","18","917","2001-08-17 07:12:41"
"2421","75","368","1971-05-19 17:26:30"
"2422","63","416","1980-08-29 10:37:21"
"2423","21","1989","1982-11-08 07:42:06"
"2424","51","1349","1999-08-08 01:18:16"
"2425","26","172","1977-09-15 23:31:55"
"2426","72","1382","2016-06-13 22:50:00"
"2427","96","805","1970-05-20 14:42:30"
"2428","82","1712","2022-01-24 15:36:29"
"2429","48","1287","2002-03-24 09:36:05"
"2430","7","264","2001-03-14 19:44:20"
"2431","11","1916","2017-10-03 14:47:05"
"2432","84","1186","1990-08-07 08:10:39"
"2433","95","278","2003-02-18 06:58:55"
"2434","83","1800","1976-06-18 17:30:52"
"2435","25","5","1991-12-21 00:02:24"
"2436","37","1941","1997-03-17 14:29:39"
"2437","54","1636","1995-01-02 01:14:31"
"2438","85","146","2012-09-14 16:01:49"
"2439","89","294","2013-01-20 04:52:54"
"2440","59","1552","1970-10-31 16:44:55"
"2441","53","1000","2016-03-25 17:54:38"
"2442","17","623","1996-03-29 07:54:50"
"2443","31","1443","2006-08-06 12:12:23"
"2444","62","787","2004-09-04 07:37:27"
"2445","49","1796","1971-09-25 17:18:42"
"2446","99","97","2020-06-18 00:30:35"
"2447","52","1117","2000-08-15 08:04:58"
"2448","36","1534","1974-07-19 04:47:06"
"2449","47","1199","1983-05-27 04:49:34"
"2450","98","224","2013-04-03 05:27:43"
"2451","31","398","2012-09-14 20:22:10"
"2452","92","130","2010-06-17 10:54:27"
"2453","52","1781","2006-09-10 04:25:06"
"2454","6","1030","2008-05-28 17:27:14"
"2455","2","1800","1970-10-13 07:58:00"
"2456","3","1206","1991-02-01 18:45:20"
"2457","71","560","1977-12-24 12:37:43"
"2458","11","66","2005-05-23 15:01:36"
"2459","63","546","2009-12-25 02:32:45"
"2460","49","984","2011-07-01 17:28:38"
"2461","85","1025","1988-12-06 19:08:48"
"2462","82","917","1974-03-13 23:09:50"
"2463","38","397","2020-06-28 03:28:51"
"2464","87","1595","2007-12-07 20:37:38"
"2465","1","74","1986-12-14 10:08:17"
"2466","69","597","1972-11-01 15:24:08"
"2467","92","1282","2017-05-23 01:02:59"
"2468","64","904","2006-07-01 01:32:02"
"2469","53","760","2018-07-19 00:38:45"
"2470","60","233","1974-09-26 14:24:45"
"2471","83","89","1978-11-02 01:14:33"
"2472","72","1071","1984-03-08 22:51:06"
"2473","54","1195","1991-10-05 13:59:42"
"2474","42","843","1987-03-06 09:33:28"
"2475","42","847","1977-10-10 14:35:32"
"2476","24","1467","1988-10-04 14:33:14"
"2477","30","1950","2008-09-30 06:25:34"
"2478","52","201","2002-08-06 06:10:00"
"2479","91","1581","2022-03-05 16:34:18"
"2480","90","1421","1973-04-19 23:01:03"
"2481","66","1420","1970-10-30 07:07:36"
"2482","70","316","2006-01-13 20:48:47"
"2483","46","809","2000-07-09 13:28:29"
"2484","53","1270","2007-09-06 10:06:52"
"2485","69","1984","2012-07-15 01:11:21"
"2486","35","1966","2014-12-26 19:47:24"
"2487","10","1165","2014-07-28 23:44:03"
"2488","2","709","1974-01-22 01:57:28"
"2489","38","1045","2002-04-13 01:13:31"
"2490","0","838","1978-07-01 22:29:09"
"2491","42","493","1996-07-09 17:50:05"
"2492","79","261","1978-06-06 09:36:09"
"2493","30","57","2019-02-16 17:16:48"
"2494","27","520","2002-07-23 11:23:55"
"2495","38","1879","2021-03-10 21:03:30"
"2496","74","1197","1985-07-04 13:43:51"
"2497","35","559","2002-09-20 05:55:20"
"2498","62","933","2009-05-31 13:29:43"
"2499","29","351","2005-09-30 12:56:28"
